Copyright 1986-2018 Xilinx, Inc. All Rights Reserved.
--------------------------------------------------------------------------------------------------------------------------------------------------------------------------------------------------------
| Tool Version : Vivado v.2018.2 (win64) Build 2258646 Thu Jun 14 20:03:12 MDT 2018
| Date         : Fri Apr 10 19:18:44 2026
| Host         : DESKTOP-UA3OGHR running 64-bit major release  (build 9200)
| Command      : report_timing_summary -max_paths 10 -file Top_Student_timing_summary_routed.rpt -pb Top_Student_timing_summary_routed.pb -rpx Top_Student_timing_summary_routed.rpx -warn_on_violation
| Design       : Top_Student
| Device       : 7a35t-cpg236
| Speed File   : -1  PRODUCTION 1.22 2018-03-21
--------------------------------------------------------------------------------------------------------------------------------------------------------------------------------------------------------

Timing Summary Report

------------------------------------------------------------------------------------------------
| Timer Settings
| --------------
------------------------------------------------------------------------------------------------

  Enable Multi Corner Analysis               :  Yes
  Enable Pessimism Removal                   :  Yes
  Pessimism Removal Resolution               :  Nearest Common Node
  Enable Input Delay Default Clock           :  No
  Enable Preset / Clear Arcs                 :  No
  Disable Flight Delays                      :  No
  Ignore I/O Paths                           :  No
  Timing Early Launch at Borrowing Latches   :  false

  Corner  Analyze    Analyze    
  Name    Max Paths  Min Paths  
  ------  ---------  ---------  
  Slow    Yes        Yes        
  Fast    Yes        Yes        



check_timing report

Table of Contents
-----------------
1. checking no_clock
2. checking constant_clock
3. checking pulse_width_clock
4. checking unconstrained_internal_endpoints
5. checking no_input_delay
6. checking no_output_delay
7. checking multiple_clock
8. checking generated_clocks
9. checking loops
10. checking partial_input_delay
11. checking partial_output_delay
12. checking latch_loops

1. checking no_clock
--------------------
 There are 2 register/latch pins with no clock driven by root clock pin: begin_flag_reg/Q (HIGH)

 There are 234 register/latch pins with no clock driven by root clock pin: clk6p25m_reg/Q (HIGH)

 There are 2 register/latch pins with no clock driven by root clock pin: current_stage_reg[2]/Q (HIGH)

 There are 2 register/latch pins with no clock driven by root clock pin: death_flag_reg/Q (HIGH)

 There are 96 register/latch pins with no clock driven by root clock pin: dexter_game/clk_div_reg[3]/Q (HIGH)

 There are 2 register/latch pins with no clock driven by root clock pin: success_flag_reg/Q (HIGH)


2. checking constant_clock
--------------------------
 There are 0 register/latch pins with constant_clock.


3. checking pulse_width_clock
-----------------------------
 There are 0 register/latch pins which need pulse_width check


4. checking unconstrained_internal_endpoints
--------------------------------------------
 There are 677 pins that are not constrained for maximum delay. (HIGH)

 There are 0 pins that are not constrained for maximum delay due to constant clock.


5. checking no_input_delay
--------------------------
 There are 7 input ports with no input delay specified. (HIGH)

 There are 0 input ports with no input delay but user has a false path constraint.


6. checking no_output_delay
---------------------------
 There are 33 ports with no output delay specified. (HIGH)

 There are 0 ports with no output delay but user has a false path constraint

 There are 0 ports with no output delay but with a timing clock defined on it or propagating through it


7. checking multiple_clock
--------------------------
 There are 0 register/latch pins with multiple clocks.


8. checking generated_clocks
----------------------------
 There are 0 generated clocks that are not connected to a clock source.


9. checking loops
-----------------
 There are 0 combinational loops in the design.


10. checking partial_input_delay
--------------------------------
 There are 0 input ports with partial input delay specified.


11. checking partial_output_delay
---------------------------------
 There are 0 ports with partial output delay specified.


12. checking latch_loops
------------------------
 There are 0 combinational latch loops in the design through latch input



------------------------------------------------------------------------------------------------
| Design Timing Summary
| ---------------------
------------------------------------------------------------------------------------------------

    WNS(ns)      TNS(ns)  TNS Failing Endpoints  TNS Total Endpoints      WHS(ns)      THS(ns)  THS Failing Endpoints  THS Total Endpoints     WPWS(ns)     TPWS(ns)  TPWS Failing Endpoints  TPWS Total Endpoints  
    -------      -------  ---------------------  -------------------      -------      -------  ---------------------  -------------------     --------     --------  ----------------------  --------------------  
      1.540        0.000                      0                 1919        0.035        0.000                      0                 1919        4.020        0.000                       0                   986  


All user specified timing constraints are met.


------------------------------------------------------------------------------------------------
| Clock Summary
| -------------
------------------------------------------------------------------------------------------------

Clock        Waveform(ns)       Period(ns)      Frequency(MHz)
-----        ------------       ----------      --------------
sys_clk_pin  {0.000 5.000}      10.000          100.000         


------------------------------------------------------------------------------------------------
| Intra Clock Table
| -----------------
------------------------------------------------------------------------------------------------

Clock             WNS(ns)      TNS(ns)  TNS Failing Endpoints  TNS Total Endpoints      WHS(ns)      THS(ns)  THS Failing Endpoints  THS Total Endpoints     WPWS(ns)     TPWS(ns)  TPWS Failing Endpoints  TPWS Total Endpoints  
-----             -------      -------  ---------------------  -------------------      -------      -------  ---------------------  -------------------     --------     --------  ----------------------  --------------------  
sys_clk_pin         1.540        0.000                      0                 1766        0.035        0.000                      0                 1766        4.020        0.000                       0                   986  


------------------------------------------------------------------------------------------------
| Inter Clock Table
| -----------------
------------------------------------------------------------------------------------------------

From Clock    To Clock          WNS(ns)      TNS(ns)  TNS Failing Endpoints  TNS Total Endpoints      WHS(ns)      THS(ns)  THS Failing Endpoints  THS Total Endpoints  
----------    --------          -------      -------  ---------------------  -------------------      -------      -------  ---------------------  -------------------  


------------------------------------------------------------------------------------------------
| Other Path Groups Table
| -----------------------
------------------------------------------------------------------------------------------------

Path Group         From Clock         To Clock               WNS(ns)      TNS(ns)  TNS Failing Endpoints  TNS Total Endpoints      WHS(ns)      THS(ns)  THS Failing Endpoints  THS Total Endpoints  
----------         ----------         --------               -------      -------  ---------------------  -------------------      -------      -------  ---------------------  -------------------  
**async_default**  sys_clk_pin        sys_clk_pin              5.232        0.000                      0                  153        0.564        0.000                      0                  153  


------------------------------------------------------------------------------------------------
| Timing Details
| --------------
------------------------------------------------------------------------------------------------


---------------------------------------------------------------------------------------------------
From Clock:  sys_clk_pin
  To Clock:  sys_clk_pin

Setup :            0  Failing Endpoints,  Worst Slack        1.540ns,  Total Violation        0.000ns
Hold  :            0  Failing Endpoints,  Worst Slack        0.035ns,  Total Violation        0.000ns
PW    :            0  Failing Endpoints,  Worst Slack        4.020ns,  Total Violation        0.000ns
---------------------------------------------------------------------------------------------------


Max Delay Paths
--------------------------------------------------------------------------------------
Slack (MET) :             1.540ns  (required time - arrival time)
  Source:                 chen_wen_game/mouse/ypos_reg[8]/C
                            (rising edge-triggered cell FDRE clocked by sys_clk_pin  {rise@0.000ns fall@5.000ns period=10.000ns})
  Destination:            chen_wen_game/oled_data_reg[14]/D
                            (rising edge-triggered cell FDRE clocked by sys_clk_pin  {rise@0.000ns fall@5.000ns period=10.000ns})
  Path Group:             sys_clk_pin
  Path Type:              Setup (Max at Slow Process Corner)
  Requirement:            10.000ns  (sys_clk_pin rise@10.000ns - sys_clk_pin rise@0.000ns)
  Data Path Delay:        8.340ns  (logic 2.901ns (34.783%)  route 5.439ns (65.217%))
  Logic Levels:           10  (CARRY4=2 LUT3=2 LUT4=1 LUT5=1 LUT6=4)
  Clock Path Skew:        -0.115ns (DCD - SCD + CPR)
    Destination Clock Delay (DCD):    4.769ns = ( 14.769 - 10.000 ) 
    Source Clock Delay      (SCD):    5.071ns
    Clock Pessimism Removal (CPR):    0.187ns
  Clock Uncertainty:      0.035ns  ((TSJ^2 + TIJ^2)^1/2 + DJ) / 2 + PE
    Total System Jitter     (TSJ):    0.071ns
    Total Input Jitter      (TIJ):    0.000ns
    Discrete Jitter          (DJ):    0.000ns
    Phase Error              (PE):    0.000ns

    Location             Delay type                Incr(ns)  Path(ns)    Netlist Resource(s)
  -------------------------------------------------------------------    -------------------
                         (clock sys_clk_pin rise edge)
                                                      0.000     0.000 r  
    W5                                                0.000     0.000 r  clk (IN)
                         net (fo=0)                   0.000     0.000    clk
    W5                   IBUF (Prop_ibuf_I_O)         1.458     1.458 r  clk_IBUF_inst/O
                         net (fo=1, routed)           1.967     3.425    clk_IBUF
    BUFGCTRL_X0Y0        BUFG (Prop_bufg_I_O)         0.096     3.521 r  clk_IBUF_BUFG_inst/O
                         net (fo=985, routed)         1.550     5.071    chen_wen_game/mouse/clk_IBUF_BUFG
    SLICE_X8Y84          FDRE                                         r  chen_wen_game/mouse/ypos_reg[8]/C
  -------------------------------------------------------------------    -------------------
    SLICE_X8Y84          FDRE (Prop_fdre_C_Q)         0.518     5.589 f  chen_wen_game/mouse/ypos_reg[8]/Q
                         net (fo=1, routed)           1.001     6.590    chen_wen_game/mouse/mouse_ypos[8]
    SLICE_X8Y84          LUT6 (Prop_lut6_I0_O)        0.124     6.714 f  chen_wen_game/mouse/oled_data[10]_i_62/O
                         net (fo=18, routed)          0.736     7.450    chen_wen_game/mouse/oled_data[10]_i_62_n_0
    SLICE_X9Y84          LUT5 (Prop_lut5_I3_O)        0.150     7.600 r  chen_wen_game/mouse/oled_data[10]_i_147/O
                         net (fo=3, routed)           0.677     8.277    chen_wen_game/mouse/oled_data[10]_i_147_n_0
    SLICE_X9Y84          LUT4 (Prop_lut4_I0_O)        0.326     8.603 r  chen_wen_game/mouse/oled_data[10]_i_151/O
                         net (fo=1, routed)           0.000     8.603    chen_wen_game/mouse/oled_data[10]_i_151_n_0
    SLICE_X9Y84          CARRY4 (Prop_carry4_S[1]_CO[3])
                                                      0.550     9.153 r  chen_wen_game/mouse/oled_data_reg[10]_i_63/CO[3]
                         net (fo=1, routed)           0.000     9.153    chen_wen_game/mouse/oled_data_reg[10]_i_63_n_0
    SLICE_X9Y85          CARRY4 (Prop_carry4_CI_CO[2])
                                                      0.228     9.381 f  chen_wen_game/mouse/oled_data_reg[10]_i_36/CO[2]
                         net (fo=1, routed)           0.988    10.369    chen_wen_game/mouse/oled_data_reg[10]_i_36_n_1
    SLICE_X12Y84         LUT6 (Prop_lut6_I1_O)        0.313    10.682 f  chen_wen_game/mouse/oled_data[10]_i_14/O
                         net (fo=2, routed)           0.694    11.377    chen_wen_game/mouse/oled_data[10]_i_14_n_0
    SLICE_X30Y84         LUT6 (Prop_lut6_I0_O)        0.124    11.501 f  chen_wen_game/mouse/oled_data[10]_i_6/O
                         net (fo=4, routed)           0.309    11.810    chen_wen_game/mouse/oled_data_reg[10]
    SLICE_X31Y84         LUT3 (Prop_lut3_I0_O)        0.124    11.934 f  chen_wen_game/mouse/oled_data[4]_i_4/O
                         net (fo=3, routed)           0.583    12.517    chen_wen_game/for_wire1/round_left_reg[0]_0
    SLICE_X34Y83         LUT3 (Prop_lut3_I2_O)        0.116    12.633 r  chen_wen_game/for_wire1/oled_data[15]_i_4__0/O
                         net (fo=2, routed)           0.450    13.083    chen_wen_game/for_wire1/oled_data[15]_i_4__0_n_0
    SLICE_X36Y83         LUT6 (Prop_lut6_I0_O)        0.328    13.411 r  chen_wen_game/for_wire1/oled_data[14]_i_1__4/O
                         net (fo=1, routed)           0.000    13.411    chen_wen_game/for_wire1_n_1
    SLICE_X36Y83         FDRE                                         r  chen_wen_game/oled_data_reg[14]/D
  -------------------------------------------------------------------    -------------------

                         (clock sys_clk_pin rise edge)
                                                     10.000    10.000 r  
    W5                                                0.000    10.000 r  clk (IN)
                         net (fo=0)                   0.000    10.000    clk
    W5                   IBUF (Prop_ibuf_I_O)         1.388    11.388 r  clk_IBUF_inst/O
                         net (fo=1, routed)           1.862    13.250    clk_IBUF
    BUFGCTRL_X0Y0        BUFG (Prop_bufg_I_O)         0.091    13.341 r  clk_IBUF_BUFG_inst/O
                         net (fo=985, routed)         1.428    14.769    chen_wen_game/clk_IBUF_BUFG
    SLICE_X36Y83         FDRE                                         r  chen_wen_game/oled_data_reg[14]/C
                         clock pessimism              0.187    14.956    
                         clock uncertainty           -0.035    14.920    
    SLICE_X36Y83         FDRE (Setup_fdre_C_D)        0.031    14.951    chen_wen_game/oled_data_reg[14]
  -------------------------------------------------------------------
                         required time                         14.951    
                         arrival time                         -13.411    
  -------------------------------------------------------------------
                         slack                                  1.540    

Slack (MET) :             1.662ns  (required time - arrival time)
  Source:                 chen_wen_game/mouse/ypos_reg[8]/C
                            (rising edge-triggered cell FDRE clocked by sys_clk_pin  {rise@0.000ns fall@5.000ns period=10.000ns})
  Destination:            chen_wen_game/oled_data_reg[15]/D
                            (rising edge-triggered cell FDRE clocked by sys_clk_pin  {rise@0.000ns fall@5.000ns period=10.000ns})
  Path Group:             sys_clk_pin
  Path Type:              Setup (Max at Slow Process Corner)
  Requirement:            10.000ns  (sys_clk_pin rise@10.000ns - sys_clk_pin rise@0.000ns)
  Data Path Delay:        8.217ns  (logic 2.901ns (35.306%)  route 5.316ns (64.694%))
  Logic Levels:           10  (CARRY4=2 LUT3=2 LUT4=1 LUT5=1 LUT6=4)
  Clock Path Skew:        -0.115ns (DCD - SCD + CPR)
    Destination Clock Delay (DCD):    4.769ns = ( 14.769 - 10.000 ) 
    Source Clock Delay      (SCD):    5.071ns
    Clock Pessimism Removal (CPR):    0.187ns
  Clock Uncertainty:      0.035ns  ((TSJ^2 + TIJ^2)^1/2 + DJ) / 2 + PE
    Total System Jitter     (TSJ):    0.071ns
    Total Input Jitter      (TIJ):    0.000ns
    Discrete Jitter          (DJ):    0.000ns
    Phase Error              (PE):    0.000ns

    Location             Delay type                Incr(ns)  Path(ns)    Netlist Resource(s)
  -------------------------------------------------------------------    -------------------
                         (clock sys_clk_pin rise edge)
                                                      0.000     0.000 r  
    W5                                                0.000     0.000 r  clk (IN)
                         net (fo=0)                   0.000     0.000    clk
    W5                   IBUF (Prop_ibuf_I_O)         1.458     1.458 r  clk_IBUF_inst/O
                         net (fo=1, routed)           1.967     3.425    clk_IBUF
    BUFGCTRL_X0Y0        BUFG (Prop_bufg_I_O)         0.096     3.521 r  clk_IBUF_BUFG_inst/O
                         net (fo=985, routed)         1.550     5.071    chen_wen_game/mouse/clk_IBUF_BUFG
    SLICE_X8Y84          FDRE                                         r  chen_wen_game/mouse/ypos_reg[8]/C
  -------------------------------------------------------------------    -------------------
    SLICE_X8Y84          FDRE (Prop_fdre_C_Q)         0.518     5.589 f  chen_wen_game/mouse/ypos_reg[8]/Q
                         net (fo=1, routed)           1.001     6.590    chen_wen_game/mouse/mouse_ypos[8]
    SLICE_X8Y84          LUT6 (Prop_lut6_I0_O)        0.124     6.714 f  chen_wen_game/mouse/oled_data[10]_i_62/O
                         net (fo=18, routed)          0.736     7.450    chen_wen_game/mouse/oled_data[10]_i_62_n_0
    SLICE_X9Y84          LUT5 (Prop_lut5_I3_O)        0.150     7.600 r  chen_wen_game/mouse/oled_data[10]_i_147/O
                         net (fo=3, routed)           0.677     8.277    chen_wen_game/mouse/oled_data[10]_i_147_n_0
    SLICE_X9Y84          LUT4 (Prop_lut4_I0_O)        0.326     8.603 r  chen_wen_game/mouse/oled_data[10]_i_151/O
                         net (fo=1, routed)           0.000     8.603    chen_wen_game/mouse/oled_data[10]_i_151_n_0
    SLICE_X9Y84          CARRY4 (Prop_carry4_S[1]_CO[3])
                                                      0.550     9.153 r  chen_wen_game/mouse/oled_data_reg[10]_i_63/CO[3]
                         net (fo=1, routed)           0.000     9.153    chen_wen_game/mouse/oled_data_reg[10]_i_63_n_0
    SLICE_X9Y85          CARRY4 (Prop_carry4_CI_CO[2])
                                                      0.228     9.381 f  chen_wen_game/mouse/oled_data_reg[10]_i_36/CO[2]
                         net (fo=1, routed)           0.988    10.369    chen_wen_game/mouse/oled_data_reg[10]_i_36_n_1
    SLICE_X12Y84         LUT6 (Prop_lut6_I1_O)        0.313    10.682 f  chen_wen_game/mouse/oled_data[10]_i_14/O
                         net (fo=2, routed)           0.694    11.377    chen_wen_game/mouse/oled_data[10]_i_14_n_0
    SLICE_X30Y84         LUT6 (Prop_lut6_I0_O)        0.124    11.501 f  chen_wen_game/mouse/oled_data[10]_i_6/O
                         net (fo=4, routed)           0.309    11.810    chen_wen_game/mouse/oled_data_reg[10]
    SLICE_X31Y84         LUT3 (Prop_lut3_I0_O)        0.124    11.934 f  chen_wen_game/mouse/oled_data[4]_i_4/O
                         net (fo=3, routed)           0.583    12.517    chen_wen_game/for_wire1/round_left_reg[0]_0
    SLICE_X34Y83         LUT3 (Prop_lut3_I2_O)        0.116    12.633 r  chen_wen_game/for_wire1/oled_data[15]_i_4__0/O
                         net (fo=2, routed)           0.327    12.960    chen_wen_game/for_wire1/oled_data[15]_i_4__0_n_0
    SLICE_X36Y83         LUT6 (Prop_lut6_I0_O)        0.328    13.288 r  chen_wen_game/for_wire1/oled_data[15]_i_2/O
                         net (fo=1, routed)           0.000    13.288    chen_wen_game/for_wire1_n_0
    SLICE_X36Y83         FDRE                                         r  chen_wen_game/oled_data_reg[15]/D
  -------------------------------------------------------------------    -------------------

                         (clock sys_clk_pin rise edge)
                                                     10.000    10.000 r  
    W5                                                0.000    10.000 r  clk (IN)
                         net (fo=0)                   0.000    10.000    clk
    W5                   IBUF (Prop_ibuf_I_O)         1.388    11.388 r  clk_IBUF_inst/O
                         net (fo=1, routed)           1.862    13.250    clk_IBUF
    BUFGCTRL_X0Y0        BUFG (Prop_bufg_I_O)         0.091    13.341 r  clk_IBUF_BUFG_inst/O
                         net (fo=985, routed)         1.428    14.769    chen_wen_game/clk_IBUF_BUFG
    SLICE_X36Y83         FDRE                                         r  chen_wen_game/oled_data_reg[15]/C
                         clock pessimism              0.187    14.956    
                         clock uncertainty           -0.035    14.920    
    SLICE_X36Y83         FDRE (Setup_fdre_C_D)        0.029    14.949    chen_wen_game/oled_data_reg[15]
  -------------------------------------------------------------------
                         required time                         14.949    
                         arrival time                         -13.288    
  -------------------------------------------------------------------
                         slack                                  1.662    

Slack (MET) :             2.071ns  (required time - arrival time)
  Source:                 chen_wen_game/for_wire5/colour_in_number_reg[0]/C
                            (rising edge-triggered cell FDRE clocked by sys_clk_pin  {rise@0.000ns fall@5.000ns period=10.000ns})
  Destination:            chen_wen_game/oled_data_reg[14]/R
                            (rising edge-triggered cell FDRE clocked by sys_clk_pin  {rise@0.000ns fall@5.000ns period=10.000ns})
  Path Group:             sys_clk_pin
  Path Type:              Setup (Max at Slow Process Corner)
  Requirement:            10.000ns  (sys_clk_pin rise@10.000ns - sys_clk_pin rise@0.000ns)
  Data Path Delay:        7.359ns  (logic 1.910ns (25.954%)  route 5.449ns (74.046%))
  Logic Levels:           8  (LUT2=1 LUT4=1 LUT5=2 LUT6=4)
  Clock Path Skew:        -0.105ns (DCD - SCD + CPR)
    Destination Clock Delay (DCD):    4.769ns = ( 14.769 - 10.000 ) 
    Source Clock Delay      (SCD):    5.061ns
    Clock Pessimism Removal (CPR):    0.187ns
  Clock Uncertainty:      0.035ns  ((TSJ^2 + TIJ^2)^1/2 + DJ) / 2 + PE
    Total System Jitter     (TSJ):    0.071ns
    Total Input Jitter      (TIJ):    0.000ns
    Discrete Jitter          (DJ):    0.000ns
    Phase Error              (PE):    0.000ns

    Location             Delay type                Incr(ns)  Path(ns)    Netlist Resource(s)
  -------------------------------------------------------------------    -------------------
                         (clock sys_clk_pin rise edge)
                                                      0.000     0.000 r  
    W5                                                0.000     0.000 r  clk (IN)
                         net (fo=0)                   0.000     0.000    clk
    W5                   IBUF (Prop_ibuf_I_O)         1.458     1.458 r  clk_IBUF_inst/O
                         net (fo=1, routed)           1.967     3.425    clk_IBUF
    BUFGCTRL_X0Y0        BUFG (Prop_bufg_I_O)         0.096     3.521 r  clk_IBUF_BUFG_inst/O
                         net (fo=985, routed)         1.540     5.061    chen_wen_game/for_wire5/clk_IBUF_BUFG
    SLICE_X35Y80         FDRE                                         r  chen_wen_game/for_wire5/colour_in_number_reg[0]/C
  -------------------------------------------------------------------    -------------------
    SLICE_X35Y80         FDRE (Prop_fdre_C_Q)         0.456     5.517 r  chen_wen_game/for_wire5/colour_in_number_reg[0]/Q
                         net (fo=4, routed)           1.123     6.640    chen_wen_game/for_wire5/wire_number_12[0]
    SLICE_X36Y82         LUT6 (Prop_lut6_I0_O)        0.124     6.764 r  chen_wen_game/for_wire5/solution_wires[2]_i_6/O
                         net (fo=1, routed)           0.784     7.548    chen_wen_game/for_wire1/colour_in_number_reg[0]_0
    SLICE_X35Y82         LUT5 (Prop_lut5_I0_O)        0.150     7.698 r  chen_wen_game/for_wire1/solution_wires[2]_i_2/O
                         net (fo=2, routed)           0.450     8.148    chen_wen_game/for_wire1/solution_wires[2]_i_2_n_0
    SLICE_X33Y83         LUT4 (Prop_lut4_I0_O)        0.326     8.474 r  chen_wen_game/for_wire1/solution_wires[1]_i_1/O
                         net (fo=5, routed)           0.748     9.222    chen_wen_game/for_wire1/solution_wires_reg[1]
    SLICE_X31Y81         LUT5 (Prop_lut5_I4_O)        0.150     9.372 f  chen_wen_game/for_wire1/oled_data[15]_i_33/O
                         net (fo=1, routed)           0.266     9.638    chen_wen_game/for_wire5/final_answer_reg[2]
    SLICE_X31Y81         LUT6 (Prop_lut6_I2_O)        0.332     9.970 f  chen_wen_game/for_wire5/oled_data[15]_i_17/O
                         net (fo=1, routed)           0.433    10.403    chen_wen_game/for_wire1/final_answer_reg[4]
    SLICE_X31Y80         LUT6 (Prop_lut6_I1_O)        0.124    10.527 f  chen_wen_game/for_wire1/oled_data[15]_i_8/O
                         net (fo=2, routed)           0.297    10.824    chen_wen_game/for_wire1/oled_data[15]_i_8_n_0
    SLICE_X33Y80         LUT6 (Prop_lut6_I5_O)        0.124    10.948 r  chen_wen_game/for_wire1/oled_data[15]_i_3/O
                         net (fo=2, routed)           0.563    11.511    chen_wen_game/for_wire1/oled_data[15]_i_3_n_0
    SLICE_X34Y81         LUT2 (Prop_lut2_I0_O)        0.124    11.635 r  chen_wen_game/for_wire1/oled_data[15]_i_1__4/O
                         net (fo=7, routed)           0.785    12.420    chen_wen_game/for_wire1_n_17
    SLICE_X36Y83         FDRE                                         r  chen_wen_game/oled_data_reg[14]/R
  -------------------------------------------------------------------    -------------------

                         (clock sys_clk_pin rise edge)
                                                     10.000    10.000 r  
    W5                                                0.000    10.000 r  clk (IN)
                         net (fo=0)                   0.000    10.000    clk
    W5                   IBUF (Prop_ibuf_I_O)         1.388    11.388 r  clk_IBUF_inst/O
                         net (fo=1, routed)           1.862    13.250    clk_IBUF
    BUFGCTRL_X0Y0        BUFG (Prop_bufg_I_O)         0.091    13.341 r  clk_IBUF_BUFG_inst/O
                         net (fo=985, routed)         1.428    14.769    chen_wen_game/clk_IBUF_BUFG
    SLICE_X36Y83         FDRE                                         r  chen_wen_game/oled_data_reg[14]/C
                         clock pessimism              0.187    14.956    
                         clock uncertainty           -0.035    14.920    
    SLICE_X36Y83         FDRE (Setup_fdre_C_R)       -0.429    14.491    chen_wen_game/oled_data_reg[14]
  -------------------------------------------------------------------
                         required time                         14.491    
                         arrival time                         -12.420    
  -------------------------------------------------------------------
                         slack                                  2.071    

Slack (MET) :             2.071ns  (required time - arrival time)
  Source:                 chen_wen_game/for_wire5/colour_in_number_reg[0]/C
                            (rising edge-triggered cell FDRE clocked by sys_clk_pin  {rise@0.000ns fall@5.000ns period=10.000ns})
  Destination:            chen_wen_game/oled_data_reg[15]/R
                            (rising edge-triggered cell FDRE clocked by sys_clk_pin  {rise@0.000ns fall@5.000ns period=10.000ns})
  Path Group:             sys_clk_pin
  Path Type:              Setup (Max at Slow Process Corner)
  Requirement:            10.000ns  (sys_clk_pin rise@10.000ns - sys_clk_pin rise@0.000ns)
  Data Path Delay:        7.359ns  (logic 1.910ns (25.954%)  route 5.449ns (74.046%))
  Logic Levels:           8  (LUT2=1 LUT4=1 LUT5=2 LUT6=4)
  Clock Path Skew:        -0.105ns (DCD - SCD + CPR)
    Destination Clock Delay (DCD):    4.769ns = ( 14.769 - 10.000 ) 
    Source Clock Delay      (SCD):    5.061ns
    Clock Pessimism Removal (CPR):    0.187ns
  Clock Uncertainty:      0.035ns  ((TSJ^2 + TIJ^2)^1/2 + DJ) / 2 + PE
    Total System Jitter     (TSJ):    0.071ns
    Total Input Jitter      (TIJ):    0.000ns
    Discrete Jitter          (DJ):    0.000ns
    Phase Error              (PE):    0.000ns

    Location             Delay type                Incr(ns)  Path(ns)    Netlist Resource(s)
  -------------------------------------------------------------------    -------------------
                         (clock sys_clk_pin rise edge)
                                                      0.000     0.000 r  
    W5                                                0.000     0.000 r  clk (IN)
                         net (fo=0)                   0.000     0.000    clk
    W5                   IBUF (Prop_ibuf_I_O)         1.458     1.458 r  clk_IBUF_inst/O
                         net (fo=1, routed)           1.967     3.425    clk_IBUF
    BUFGCTRL_X0Y0        BUFG (Prop_bufg_I_O)         0.096     3.521 r  clk_IBUF_BUFG_inst/O
                         net (fo=985, routed)         1.540     5.061    chen_wen_game/for_wire5/clk_IBUF_BUFG
    SLICE_X35Y80         FDRE                                         r  chen_wen_game/for_wire5/colour_in_number_reg[0]/C
  -------------------------------------------------------------------    -------------------
    SLICE_X35Y80         FDRE (Prop_fdre_C_Q)         0.456     5.517 r  chen_wen_game/for_wire5/colour_in_number_reg[0]/Q
                         net (fo=4, routed)           1.123     6.640    chen_wen_game/for_wire5/wire_number_12[0]
    SLICE_X36Y82         LUT6 (Prop_lut6_I0_O)        0.124     6.764 r  chen_wen_game/for_wire5/solution_wires[2]_i_6/O
                         net (fo=1, routed)           0.784     7.548    chen_wen_game/for_wire1/colour_in_number_reg[0]_0
    SLICE_X35Y82         LUT5 (Prop_lut5_I0_O)        0.150     7.698 r  chen_wen_game/for_wire1/solution_wires[2]_i_2/O
                         net (fo=2, routed)           0.450     8.148    chen_wen_game/for_wire1/solution_wires[2]_i_2_n_0
    SLICE_X33Y83         LUT4 (Prop_lut4_I0_O)        0.326     8.474 r  chen_wen_game/for_wire1/solution_wires[1]_i_1/O
                         net (fo=5, routed)           0.748     9.222    chen_wen_game/for_wire1/solution_wires_reg[1]
    SLICE_X31Y81         LUT5 (Prop_lut5_I4_O)        0.150     9.372 f  chen_wen_game/for_wire1/oled_data[15]_i_33/O
                         net (fo=1, routed)           0.266     9.638    chen_wen_game/for_wire5/final_answer_reg[2]
    SLICE_X31Y81         LUT6 (Prop_lut6_I2_O)        0.332     9.970 f  chen_wen_game/for_wire5/oled_data[15]_i_17/O
                         net (fo=1, routed)           0.433    10.403    chen_wen_game/for_wire1/final_answer_reg[4]
    SLICE_X31Y80         LUT6 (Prop_lut6_I1_O)        0.124    10.527 f  chen_wen_game/for_wire1/oled_data[15]_i_8/O
                         net (fo=2, routed)           0.297    10.824    chen_wen_game/for_wire1/oled_data[15]_i_8_n_0
    SLICE_X33Y80         LUT6 (Prop_lut6_I5_O)        0.124    10.948 r  chen_wen_game/for_wire1/oled_data[15]_i_3/O
                         net (fo=2, routed)           0.563    11.511    chen_wen_game/for_wire1/oled_data[15]_i_3_n_0
    SLICE_X34Y81         LUT2 (Prop_lut2_I0_O)        0.124    11.635 r  chen_wen_game/for_wire1/oled_data[15]_i_1__4/O
                         net (fo=7, routed)           0.785    12.420    chen_wen_game/for_wire1_n_17
    SLICE_X36Y83         FDRE                                         r  chen_wen_game/oled_data_reg[15]/R
  -------------------------------------------------------------------    -------------------

                         (clock sys_clk_pin rise edge)
                                                     10.000    10.000 r  
    W5                                                0.000    10.000 r  clk (IN)
                         net (fo=0)                   0.000    10.000    clk
    W5                   IBUF (Prop_ibuf_I_O)         1.388    11.388 r  clk_IBUF_inst/O
                         net (fo=1, routed)           1.862    13.250    clk_IBUF
    BUFGCTRL_X0Y0        BUFG (Prop_bufg_I_O)         0.091    13.341 r  clk_IBUF_BUFG_inst/O
                         net (fo=985, routed)         1.428    14.769    chen_wen_game/clk_IBUF_BUFG
    SLICE_X36Y83         FDRE                                         r  chen_wen_game/oled_data_reg[15]/C
                         clock pessimism              0.187    14.956    
                         clock uncertainty           -0.035    14.920    
    SLICE_X36Y83         FDRE (Setup_fdre_C_R)       -0.429    14.491    chen_wen_game/oled_data_reg[15]
  -------------------------------------------------------------------
                         required time                         14.491    
                         arrival time                         -12.420    
  -------------------------------------------------------------------
                         slack                                  2.071    

Slack (MET) :             2.071ns  (required time - arrival time)
  Source:                 chen_wen_game/for_wire5/colour_in_number_reg[0]/C
                            (rising edge-triggered cell FDRE clocked by sys_clk_pin  {rise@0.000ns fall@5.000ns period=10.000ns})
  Destination:            chen_wen_game/oled_data_reg[9]/S
                            (rising edge-triggered cell FDSE clocked by sys_clk_pin  {rise@0.000ns fall@5.000ns period=10.000ns})
  Path Group:             sys_clk_pin
  Path Type:              Setup (Max at Slow Process Corner)
  Requirement:            10.000ns  (sys_clk_pin rise@10.000ns - sys_clk_pin rise@0.000ns)
  Data Path Delay:        7.359ns  (logic 1.910ns (25.954%)  route 5.449ns (74.046%))
  Logic Levels:           8  (LUT2=1 LUT4=1 LUT5=2 LUT6=4)
  Clock Path Skew:        -0.105ns (DCD - SCD + CPR)
    Destination Clock Delay (DCD):    4.769ns = ( 14.769 - 10.000 ) 
    Source Clock Delay      (SCD):    5.061ns
    Clock Pessimism Removal (CPR):    0.187ns
  Clock Uncertainty:      0.035ns  ((TSJ^2 + TIJ^2)^1/2 + DJ) / 2 + PE
    Total System Jitter     (TSJ):    0.071ns
    Total Input Jitter      (TIJ):    0.000ns
    Discrete Jitter          (DJ):    0.000ns
    Phase Error              (PE):    0.000ns

    Location             Delay type                Incr(ns)  Path(ns)    Netlist Resource(s)
  -------------------------------------------------------------------    -------------------
                         (clock sys_clk_pin rise edge)
                                                      0.000     0.000 r  
    W5                                                0.000     0.000 r  clk (IN)
                         net (fo=0)                   0.000     0.000    clk
    W5                   IBUF (Prop_ibuf_I_O)         1.458     1.458 r  clk_IBUF_inst/O
                         net (fo=1, routed)           1.967     3.425    clk_IBUF
    BUFGCTRL_X0Y0        BUFG (Prop_bufg_I_O)         0.096     3.521 r  clk_IBUF_BUFG_inst/O
                         net (fo=985, routed)         1.540     5.061    chen_wen_game/for_wire5/clk_IBUF_BUFG
    SLICE_X35Y80         FDRE                                         r  chen_wen_game/for_wire5/colour_in_number_reg[0]/C
  -------------------------------------------------------------------    -------------------
    SLICE_X35Y80         FDRE (Prop_fdre_C_Q)         0.456     5.517 r  chen_wen_game/for_wire5/colour_in_number_reg[0]/Q
                         net (fo=4, routed)           1.123     6.640    chen_wen_game/for_wire5/wire_number_12[0]
    SLICE_X36Y82         LUT6 (Prop_lut6_I0_O)        0.124     6.764 r  chen_wen_game/for_wire5/solution_wires[2]_i_6/O
                         net (fo=1, routed)           0.784     7.548    chen_wen_game/for_wire1/colour_in_number_reg[0]_0
    SLICE_X35Y82         LUT5 (Prop_lut5_I0_O)        0.150     7.698 r  chen_wen_game/for_wire1/solution_wires[2]_i_2/O
                         net (fo=2, routed)           0.450     8.148    chen_wen_game/for_wire1/solution_wires[2]_i_2_n_0
    SLICE_X33Y83         LUT4 (Prop_lut4_I0_O)        0.326     8.474 r  chen_wen_game/for_wire1/solution_wires[1]_i_1/O
                         net (fo=5, routed)           0.748     9.222    chen_wen_game/for_wire1/solution_wires_reg[1]
    SLICE_X31Y81         LUT5 (Prop_lut5_I4_O)        0.150     9.372 f  chen_wen_game/for_wire1/oled_data[15]_i_33/O
                         net (fo=1, routed)           0.266     9.638    chen_wen_game/for_wire5/final_answer_reg[2]
    SLICE_X31Y81         LUT6 (Prop_lut6_I2_O)        0.332     9.970 f  chen_wen_game/for_wire5/oled_data[15]_i_17/O
                         net (fo=1, routed)           0.433    10.403    chen_wen_game/for_wire1/final_answer_reg[4]
    SLICE_X31Y80         LUT6 (Prop_lut6_I1_O)        0.124    10.527 f  chen_wen_game/for_wire1/oled_data[15]_i_8/O
                         net (fo=2, routed)           0.297    10.824    chen_wen_game/for_wire1/oled_data[15]_i_8_n_0
    SLICE_X33Y80         LUT6 (Prop_lut6_I5_O)        0.124    10.948 r  chen_wen_game/for_wire1/oled_data[15]_i_3/O
                         net (fo=2, routed)           0.563    11.511    chen_wen_game/for_wire1/oled_data[15]_i_3_n_0
    SLICE_X34Y81         LUT2 (Prop_lut2_I0_O)        0.124    11.635 r  chen_wen_game/for_wire1/oled_data[15]_i_1__4/O
                         net (fo=7, routed)           0.785    12.420    chen_wen_game/for_wire1_n_17
    SLICE_X36Y83         FDSE                                         r  chen_wen_game/oled_data_reg[9]/S
  -------------------------------------------------------------------    -------------------

                         (clock sys_clk_pin rise edge)
                                                     10.000    10.000 r  
    W5                                                0.000    10.000 r  clk (IN)
                         net (fo=0)                   0.000    10.000    clk
    W5                   IBUF (Prop_ibuf_I_O)         1.388    11.388 r  clk_IBUF_inst/O
                         net (fo=1, routed)           1.862    13.250    clk_IBUF
    BUFGCTRL_X0Y0        BUFG (Prop_bufg_I_O)         0.091    13.341 r  clk_IBUF_BUFG_inst/O
                         net (fo=985, routed)         1.428    14.769    chen_wen_game/clk_IBUF_BUFG
    SLICE_X36Y83         FDSE                                         r  chen_wen_game/oled_data_reg[9]/C
                         clock pessimism              0.187    14.956    
                         clock uncertainty           -0.035    14.920    
    SLICE_X36Y83         FDSE (Setup_fdse_C_S)       -0.429    14.491    chen_wen_game/oled_data_reg[9]
  -------------------------------------------------------------------
                         required time                         14.491    
                         arrival time                         -12.420    
  -------------------------------------------------------------------
                         slack                                  2.071    

Slack (MET) :             2.076ns  (required time - arrival time)
  Source:                 chen_wen_game/for_wire5/colour_in_number_reg[0]/C
                            (rising edge-triggered cell FDRE clocked by sys_clk_pin  {rise@0.000ns fall@5.000ns period=10.000ns})
  Destination:            chen_wen_game/oled_data_reg[10]/S
                            (rising edge-triggered cell FDSE clocked by sys_clk_pin  {rise@0.000ns fall@5.000ns period=10.000ns})
  Path Group:             sys_clk_pin
  Path Type:              Setup (Max at Slow Process Corner)
  Requirement:            10.000ns  (sys_clk_pin rise@10.000ns - sys_clk_pin rise@0.000ns)
  Data Path Delay:        7.355ns  (logic 1.910ns (25.970%)  route 5.445ns (74.030%))
  Logic Levels:           8  (LUT2=1 LUT4=1 LUT5=2 LUT6=4)
  Clock Path Skew:        -0.105ns (DCD - SCD + CPR)
    Destination Clock Delay (DCD):    4.769ns = ( 14.769 - 10.000 ) 
    Source Clock Delay      (SCD):    5.061ns
    Clock Pessimism Removal (CPR):    0.187ns
  Clock Uncertainty:      0.035ns  ((TSJ^2 + TIJ^2)^1/2 + DJ) / 2 + PE
    Total System Jitter     (TSJ):    0.071ns
    Total Input Jitter      (TIJ):    0.000ns
    Discrete Jitter          (DJ):    0.000ns
    Phase Error              (PE):    0.000ns

    Location             Delay type                Incr(ns)  Path(ns)    Netlist Resource(s)
  -------------------------------------------------------------------    -------------------
                         (clock sys_clk_pin rise edge)
                                                      0.000     0.000 r  
    W5                                                0.000     0.000 r  clk (IN)
                         net (fo=0)                   0.000     0.000    clk
    W5                   IBUF (Prop_ibuf_I_O)         1.458     1.458 r  clk_IBUF_inst/O
                         net (fo=1, routed)           1.967     3.425    clk_IBUF
    BUFGCTRL_X0Y0        BUFG (Prop_bufg_I_O)         0.096     3.521 r  clk_IBUF_BUFG_inst/O
                         net (fo=985, routed)         1.540     5.061    chen_wen_game/for_wire5/clk_IBUF_BUFG
    SLICE_X35Y80         FDRE                                         r  chen_wen_game/for_wire5/colour_in_number_reg[0]/C
  -------------------------------------------------------------------    -------------------
    SLICE_X35Y80         FDRE (Prop_fdre_C_Q)         0.456     5.517 r  chen_wen_game/for_wire5/colour_in_number_reg[0]/Q
                         net (fo=4, routed)           1.123     6.640    chen_wen_game/for_wire5/wire_number_12[0]
    SLICE_X36Y82         LUT6 (Prop_lut6_I0_O)        0.124     6.764 r  chen_wen_game/for_wire5/solution_wires[2]_i_6/O
                         net (fo=1, routed)           0.784     7.548    chen_wen_game/for_wire1/colour_in_number_reg[0]_0
    SLICE_X35Y82         LUT5 (Prop_lut5_I0_O)        0.150     7.698 r  chen_wen_game/for_wire1/solution_wires[2]_i_2/O
                         net (fo=2, routed)           0.450     8.148    chen_wen_game/for_wire1/solution_wires[2]_i_2_n_0
    SLICE_X33Y83         LUT4 (Prop_lut4_I0_O)        0.326     8.474 r  chen_wen_game/for_wire1/solution_wires[1]_i_1/O
                         net (fo=5, routed)           0.748     9.222    chen_wen_game/for_wire1/solution_wires_reg[1]
    SLICE_X31Y81         LUT5 (Prop_lut5_I4_O)        0.150     9.372 f  chen_wen_game/for_wire1/oled_data[15]_i_33/O
                         net (fo=1, routed)           0.266     9.638    chen_wen_game/for_wire5/final_answer_reg[2]
    SLICE_X31Y81         LUT6 (Prop_lut6_I2_O)        0.332     9.970 f  chen_wen_game/for_wire5/oled_data[15]_i_17/O
                         net (fo=1, routed)           0.433    10.403    chen_wen_game/for_wire1/final_answer_reg[4]
    SLICE_X31Y80         LUT6 (Prop_lut6_I1_O)        0.124    10.527 f  chen_wen_game/for_wire1/oled_data[15]_i_8/O
                         net (fo=2, routed)           0.297    10.824    chen_wen_game/for_wire1/oled_data[15]_i_8_n_0
    SLICE_X33Y80         LUT6 (Prop_lut6_I5_O)        0.124    10.948 r  chen_wen_game/for_wire1/oled_data[15]_i_3/O
                         net (fo=2, routed)           0.563    11.511    chen_wen_game/for_wire1/oled_data[15]_i_3_n_0
    SLICE_X34Y81         LUT2 (Prop_lut2_I0_O)        0.124    11.635 r  chen_wen_game/for_wire1/oled_data[15]_i_1__4/O
                         net (fo=7, routed)           0.781    12.416    chen_wen_game/for_wire1_n_17
    SLICE_X37Y83         FDSE                                         r  chen_wen_game/oled_data_reg[10]/S
  -------------------------------------------------------------------    -------------------

                         (clock sys_clk_pin rise edge)
                                                     10.000    10.000 r  
    W5                                                0.000    10.000 r  clk (IN)
                         net (fo=0)                   0.000    10.000    clk
    W5                   IBUF (Prop_ibuf_I_O)         1.388    11.388 r  clk_IBUF_inst/O
                         net (fo=1, routed)           1.862    13.250    clk_IBUF
    BUFGCTRL_X0Y0        BUFG (Prop_bufg_I_O)         0.091    13.341 r  clk_IBUF_BUFG_inst/O
                         net (fo=985, routed)         1.428    14.769    chen_wen_game/clk_IBUF_BUFG
    SLICE_X37Y83         FDSE                                         r  chen_wen_game/oled_data_reg[10]/C
                         clock pessimism              0.187    14.956    
                         clock uncertainty           -0.035    14.920    
    SLICE_X37Y83         FDSE (Setup_fdse_C_S)       -0.429    14.491    chen_wen_game/oled_data_reg[10]
  -------------------------------------------------------------------
                         required time                         14.491    
                         arrival time                         -12.416    
  -------------------------------------------------------------------
                         slack                                  2.076    

Slack (MET) :             2.076ns  (required time - arrival time)
  Source:                 chen_wen_game/for_wire5/colour_in_number_reg[0]/C
                            (rising edge-triggered cell FDRE clocked by sys_clk_pin  {rise@0.000ns fall@5.000ns period=10.000ns})
  Destination:            chen_wen_game/oled_data_reg[8]/S
                            (rising edge-triggered cell FDSE clocked by sys_clk_pin  {rise@0.000ns fall@5.000ns period=10.000ns})
  Path Group:             sys_clk_pin
  Path Type:              Setup (Max at Slow Process Corner)
  Requirement:            10.000ns  (sys_clk_pin rise@10.000ns - sys_clk_pin rise@0.000ns)
  Data Path Delay:        7.355ns  (logic 1.910ns (25.970%)  route 5.445ns (74.030%))
  Logic Levels:           8  (LUT2=1 LUT4=1 LUT5=2 LUT6=4)
  Clock Path Skew:        -0.105ns (DCD - SCD + CPR)
    Destination Clock Delay (DCD):    4.769ns = ( 14.769 - 10.000 ) 
    Source Clock Delay      (SCD):    5.061ns
    Clock Pessimism Removal (CPR):    0.187ns
  Clock Uncertainty:      0.035ns  ((TSJ^2 + TIJ^2)^1/2 + DJ) / 2 + PE
    Total System Jitter     (TSJ):    0.071ns
    Total Input Jitter      (TIJ):    0.000ns
    Discrete Jitter          (DJ):    0.000ns
    Phase Error              (PE):    0.000ns

    Location             Delay type                Incr(ns)  Path(ns)    Netlist Resource(s)
  -------------------------------------------------------------------    -------------------
                         (clock sys_clk_pin rise edge)
                                                      0.000     0.000 r  
    W5                                                0.000     0.000 r  clk (IN)
                         net (fo=0)                   0.000     0.000    clk
    W5                   IBUF (Prop_ibuf_I_O)         1.458     1.458 r  clk_IBUF_inst/O
                         net (fo=1, routed)           1.967     3.425    clk_IBUF
    BUFGCTRL_X0Y0        BUFG (Prop_bufg_I_O)         0.096     3.521 r  clk_IBUF_BUFG_inst/O
                         net (fo=985, routed)         1.540     5.061    chen_wen_game/for_wire5/clk_IBUF_BUFG
    SLICE_X35Y80         FDRE                                         r  chen_wen_game/for_wire5/colour_in_number_reg[0]/C
  -------------------------------------------------------------------    -------------------
    SLICE_X35Y80         FDRE (Prop_fdre_C_Q)         0.456     5.517 r  chen_wen_game/for_wire5/colour_in_number_reg[0]/Q
                         net (fo=4, routed)           1.123     6.640    chen_wen_game/for_wire5/wire_number_12[0]
    SLICE_X36Y82         LUT6 (Prop_lut6_I0_O)        0.124     6.764 r  chen_wen_game/for_wire5/solution_wires[2]_i_6/O
                         net (fo=1, routed)           0.784     7.548    chen_wen_game/for_wire1/colour_in_number_reg[0]_0
    SLICE_X35Y82         LUT5 (Prop_lut5_I0_O)        0.150     7.698 r  chen_wen_game/for_wire1/solution_wires[2]_i_2/O
                         net (fo=2, routed)           0.450     8.148    chen_wen_game/for_wire1/solution_wires[2]_i_2_n_0
    SLICE_X33Y83         LUT4 (Prop_lut4_I0_O)        0.326     8.474 r  chen_wen_game/for_wire1/solution_wires[1]_i_1/O
                         net (fo=5, routed)           0.748     9.222    chen_wen_game/for_wire1/solution_wires_reg[1]
    SLICE_X31Y81         LUT5 (Prop_lut5_I4_O)        0.150     9.372 f  chen_wen_game/for_wire1/oled_data[15]_i_33/O
                         net (fo=1, routed)           0.266     9.638    chen_wen_game/for_wire5/final_answer_reg[2]
    SLICE_X31Y81         LUT6 (Prop_lut6_I2_O)        0.332     9.970 f  chen_wen_game/for_wire5/oled_data[15]_i_17/O
                         net (fo=1, routed)           0.433    10.403    chen_wen_game/for_wire1/final_answer_reg[4]
    SLICE_X31Y80         LUT6 (Prop_lut6_I1_O)        0.124    10.527 f  chen_wen_game/for_wire1/oled_data[15]_i_8/O
                         net (fo=2, routed)           0.297    10.824    chen_wen_game/for_wire1/oled_data[15]_i_8_n_0
    SLICE_X33Y80         LUT6 (Prop_lut6_I5_O)        0.124    10.948 r  chen_wen_game/for_wire1/oled_data[15]_i_3/O
                         net (fo=2, routed)           0.563    11.511    chen_wen_game/for_wire1/oled_data[15]_i_3_n_0
    SLICE_X34Y81         LUT2 (Prop_lut2_I0_O)        0.124    11.635 r  chen_wen_game/for_wire1/oled_data[15]_i_1__4/O
                         net (fo=7, routed)           0.781    12.416    chen_wen_game/for_wire1_n_17
    SLICE_X37Y83         FDSE                                         r  chen_wen_game/oled_data_reg[8]/S
  -------------------------------------------------------------------    -------------------

                         (clock sys_clk_pin rise edge)
                                                     10.000    10.000 r  
    W5                                                0.000    10.000 r  clk (IN)
                         net (fo=0)                   0.000    10.000    clk
    W5                   IBUF (Prop_ibuf_I_O)         1.388    11.388 r  clk_IBUF_inst/O
                         net (fo=1, routed)           1.862    13.250    clk_IBUF
    BUFGCTRL_X0Y0        BUFG (Prop_bufg_I_O)         0.091    13.341 r  clk_IBUF_BUFG_inst/O
                         net (fo=985, routed)         1.428    14.769    chen_wen_game/clk_IBUF_BUFG
    SLICE_X37Y83         FDSE                                         r  chen_wen_game/oled_data_reg[8]/C
                         clock pessimism              0.187    14.956    
                         clock uncertainty           -0.035    14.920    
    SLICE_X37Y83         FDSE (Setup_fdse_C_S)       -0.429    14.491    chen_wen_game/oled_data_reg[8]
  -------------------------------------------------------------------
                         required time                         14.491    
                         arrival time                         -12.416    
  -------------------------------------------------------------------
                         slack                                  2.076    

Slack (MET) :             2.080ns  (required time - arrival time)
  Source:                 chen_wen_game/for_wire5/colour_in_number_reg[0]/C
                            (rising edge-triggered cell FDRE clocked by sys_clk_pin  {rise@0.000ns fall@5.000ns period=10.000ns})
  Destination:            chen_wen_game/oled_data_reg[4]/R
                            (rising edge-triggered cell FDRE clocked by sys_clk_pin  {rise@0.000ns fall@5.000ns period=10.000ns})
  Path Group:             sys_clk_pin
  Path Type:              Setup (Max at Slow Process Corner)
  Requirement:            10.000ns  (sys_clk_pin rise@10.000ns - sys_clk_pin rise@0.000ns)
  Data Path Delay:        7.341ns  (logic 1.910ns (26.018%)  route 5.431ns (73.982%))
  Logic Levels:           8  (LUT2=1 LUT4=1 LUT5=2 LUT6=4)
  Clock Path Skew:        -0.019ns (DCD - SCD + CPR)
    Destination Clock Delay (DCD):    4.769ns = ( 14.769 - 10.000 ) 
    Source Clock Delay      (SCD):    5.061ns
    Clock Pessimism Removal (CPR):    0.273ns
  Clock Uncertainty:      0.035ns  ((TSJ^2 + TIJ^2)^1/2 + DJ) / 2 + PE
    Total System Jitter     (TSJ):    0.071ns
    Total Input Jitter      (TIJ):    0.000ns
    Discrete Jitter          (DJ):    0.000ns
    Phase Error              (PE):    0.000ns

    Location             Delay type                Incr(ns)  Path(ns)    Netlist Resource(s)
  -------------------------------------------------------------------    -------------------
                         (clock sys_clk_pin rise edge)
                                                      0.000     0.000 r  
    W5                                                0.000     0.000 r  clk (IN)
                         net (fo=0)                   0.000     0.000    clk
    W5                   IBUF (Prop_ibuf_I_O)         1.458     1.458 r  clk_IBUF_inst/O
                         net (fo=1, routed)           1.967     3.425    clk_IBUF
    BUFGCTRL_X0Y0        BUFG (Prop_bufg_I_O)         0.096     3.521 r  clk_IBUF_BUFG_inst/O
                         net (fo=985, routed)         1.540     5.061    chen_wen_game/for_wire5/clk_IBUF_BUFG
    SLICE_X35Y80         FDRE                                         r  chen_wen_game/for_wire5/colour_in_number_reg[0]/C
  -------------------------------------------------------------------    -------------------
    SLICE_X35Y80         FDRE (Prop_fdre_C_Q)         0.456     5.517 r  chen_wen_game/for_wire5/colour_in_number_reg[0]/Q
                         net (fo=4, routed)           1.123     6.640    chen_wen_game/for_wire5/wire_number_12[0]
    SLICE_X36Y82         LUT6 (Prop_lut6_I0_O)        0.124     6.764 r  chen_wen_game/for_wire5/solution_wires[2]_i_6/O
                         net (fo=1, routed)           0.784     7.548    chen_wen_game/for_wire1/colour_in_number_reg[0]_0
    SLICE_X35Y82         LUT5 (Prop_lut5_I0_O)        0.150     7.698 r  chen_wen_game/for_wire1/solution_wires[2]_i_2/O
                         net (fo=2, routed)           0.450     8.148    chen_wen_game/for_wire1/solution_wires[2]_i_2_n_0
    SLICE_X33Y83         LUT4 (Prop_lut4_I0_O)        0.326     8.474 r  chen_wen_game/for_wire1/solution_wires[1]_i_1/O
                         net (fo=5, routed)           0.748     9.222    chen_wen_game/for_wire1/solution_wires_reg[1]
    SLICE_X31Y81         LUT5 (Prop_lut5_I4_O)        0.150     9.372 f  chen_wen_game/for_wire1/oled_data[15]_i_33/O
                         net (fo=1, routed)           0.266     9.638    chen_wen_game/for_wire5/final_answer_reg[2]
    SLICE_X31Y81         LUT6 (Prop_lut6_I2_O)        0.332     9.970 f  chen_wen_game/for_wire5/oled_data[15]_i_17/O
                         net (fo=1, routed)           0.433    10.403    chen_wen_game/for_wire1/final_answer_reg[4]
    SLICE_X31Y80         LUT6 (Prop_lut6_I1_O)        0.124    10.527 f  chen_wen_game/for_wire1/oled_data[15]_i_8/O
                         net (fo=2, routed)           0.297    10.824    chen_wen_game/for_wire1/oled_data[15]_i_8_n_0
    SLICE_X33Y80         LUT6 (Prop_lut6_I5_O)        0.124    10.948 r  chen_wen_game/for_wire1/oled_data[15]_i_3/O
                         net (fo=2, routed)           0.563    11.511    chen_wen_game/for_wire1/oled_data[15]_i_3_n_0
    SLICE_X34Y81         LUT2 (Prop_lut2_I0_O)        0.124    11.635 r  chen_wen_game/for_wire1/oled_data[15]_i_1__4/O
                         net (fo=7, routed)           0.767    12.402    chen_wen_game/for_wire1_n_17
    SLICE_X34Y84         FDRE                                         r  chen_wen_game/oled_data_reg[4]/R
  -------------------------------------------------------------------    -------------------

                         (clock sys_clk_pin rise edge)
                                                     10.000    10.000 r  
    W5                                                0.000    10.000 r  clk (IN)
                         net (fo=0)                   0.000    10.000    clk
    W5                   IBUF (Prop_ibuf_I_O)         1.388    11.388 r  clk_IBUF_inst/O
                         net (fo=1, routed)           1.862    13.250    clk_IBUF
    BUFGCTRL_X0Y0        BUFG (Prop_bufg_I_O)         0.091    13.341 r  clk_IBUF_BUFG_inst/O
                         net (fo=985, routed)         1.428    14.769    chen_wen_game/clk_IBUF_BUFG
    SLICE_X34Y84         FDRE                                         r  chen_wen_game/oled_data_reg[4]/C
                         clock pessimism              0.273    15.042    
                         clock uncertainty           -0.035    15.007    
    SLICE_X34Y84         FDRE (Setup_fdre_C_R)       -0.524    14.483    chen_wen_game/oled_data_reg[4]
  -------------------------------------------------------------------
                         required time                         14.483    
                         arrival time                         -12.402    
  -------------------------------------------------------------------
                         slack                                  2.080    

Slack (MET) :             2.098ns  (required time - arrival time)
  Source:                 chen_wen_game/for_wire5/colour_in_number_reg[0]/C
                            (rising edge-triggered cell FDRE clocked by sys_clk_pin  {rise@0.000ns fall@5.000ns period=10.000ns})
  Destination:            chen_wen_game/solution_calculated_reg/D
                            (rising edge-triggered cell FDRE clocked by sys_clk_pin  {rise@0.000ns fall@5.000ns period=10.000ns})
  Path Group:             sys_clk_pin
  Path Type:              Setup (Max at Slow Process Corner)
  Requirement:            10.000ns  (sys_clk_pin rise@10.000ns - sys_clk_pin rise@0.000ns)
  Data Path Delay:        7.860ns  (logic 2.034ns (25.879%)  route 5.826ns (74.121%))
  Logic Levels:           9  (LUT2=1 LUT4=1 LUT5=3 LUT6=4)
  Clock Path Skew:        -0.036ns (DCD - SCD + CPR)
    Destination Clock Delay (DCD):    4.767ns = ( 14.767 - 10.000 ) 
    Source Clock Delay      (SCD):    5.061ns
    Clock Pessimism Removal (CPR):    0.258ns
  Clock Uncertainty:      0.035ns  ((TSJ^2 + TIJ^2)^1/2 + DJ) / 2 + PE
    Total System Jitter     (TSJ):    0.071ns
    Total Input Jitter      (TIJ):    0.000ns
    Discrete Jitter          (DJ):    0.000ns
    Phase Error              (PE):    0.000ns

    Location             Delay type                Incr(ns)  Path(ns)    Netlist Resource(s)
  -------------------------------------------------------------------    -------------------
                         (clock sys_clk_pin rise edge)
                                                      0.000     0.000 r  
    W5                                                0.000     0.000 r  clk (IN)
                         net (fo=0)                   0.000     0.000    clk
    W5                   IBUF (Prop_ibuf_I_O)         1.458     1.458 r  clk_IBUF_inst/O
                         net (fo=1, routed)           1.967     3.425    clk_IBUF
    BUFGCTRL_X0Y0        BUFG (Prop_bufg_I_O)         0.096     3.521 r  clk_IBUF_BUFG_inst/O
                         net (fo=985, routed)         1.540     5.061    chen_wen_game/for_wire5/clk_IBUF_BUFG
    SLICE_X35Y80         FDRE                                         r  chen_wen_game/for_wire5/colour_in_number_reg[0]/C
  -------------------------------------------------------------------    -------------------
    SLICE_X35Y80         FDRE (Prop_fdre_C_Q)         0.456     5.517 r  chen_wen_game/for_wire5/colour_in_number_reg[0]/Q
                         net (fo=4, routed)           1.123     6.640    chen_wen_game/for_wire5/wire_number_12[0]
    SLICE_X36Y82         LUT6 (Prop_lut6_I0_O)        0.124     6.764 r  chen_wen_game/for_wire5/solution_wires[2]_i_6/O
                         net (fo=1, routed)           0.784     7.548    chen_wen_game/for_wire1/colour_in_number_reg[0]_0
    SLICE_X35Y82         LUT5 (Prop_lut5_I0_O)        0.150     7.698 r  chen_wen_game/for_wire1/solution_wires[2]_i_2/O
                         net (fo=2, routed)           0.450     8.148    chen_wen_game/for_wire1/solution_wires[2]_i_2_n_0
    SLICE_X33Y83         LUT4 (Prop_lut4_I0_O)        0.326     8.474 r  chen_wen_game/for_wire1/solution_wires[1]_i_1/O
                         net (fo=5, routed)           0.748     9.222    chen_wen_game/for_wire1/solution_wires_reg[1]
    SLICE_X31Y81         LUT5 (Prop_lut5_I4_O)        0.150     9.372 r  chen_wen_game/for_wire1/oled_data[15]_i_33/O
                         net (fo=1, routed)           0.266     9.638    chen_wen_game/for_wire5/final_answer_reg[2]
    SLICE_X31Y81         LUT6 (Prop_lut6_I2_O)        0.332     9.970 r  chen_wen_game/for_wire5/oled_data[15]_i_17/O
                         net (fo=1, routed)           0.433    10.403    chen_wen_game/for_wire1/final_answer_reg[4]
    SLICE_X31Y80         LUT6 (Prop_lut6_I1_O)        0.124    10.527 r  chen_wen_game/for_wire1/oled_data[15]_i_8/O
                         net (fo=2, routed)           0.797    11.324    chen_wen_game/for_wire1/oled_data[15]_i_8_n_0
    SLICE_X34Y83         LUT2 (Prop_lut2_I0_O)        0.124    11.448 r  chen_wen_game/for_wire1/round_left[1]_i_3/O
                         net (fo=6, routed)           0.604    12.052    chen_wen_game/for_wire1/round_left_reg[1]
    SLICE_X33Y80         LUT6 (Prop_lut6_I5_O)        0.124    12.176 f  chen_wen_game/for_wire1/round_left[1]_i_2/O
                         net (fo=12, routed)          0.620    12.796    chen_wen_game/for_wire1/next_round8_out
    SLICE_X29Y80         LUT5 (Prop_lut5_I1_O)        0.124    12.920 r  chen_wen_game/for_wire1/solution_calculated_i_1/O
                         net (fo=1, routed)           0.000    12.920    chen_wen_game/for_wire1_n_22
    SLICE_X29Y80         FDRE                                         r  chen_wen_game/solution_calculated_reg/D
  -------------------------------------------------------------------    -------------------

                         (clock sys_clk_pin rise edge)
                                                     10.000    10.000 r  
    W5                                                0.000    10.000 r  clk (IN)
                         net (fo=0)                   0.000    10.000    clk
    W5                   IBUF (Prop_ibuf_I_O)         1.388    11.388 r  clk_IBUF_inst/O
                         net (fo=1, routed)           1.862    13.250    clk_IBUF
    BUFGCTRL_X0Y0        BUFG (Prop_bufg_I_O)         0.091    13.341 r  clk_IBUF_BUFG_inst/O
                         net (fo=985, routed)         1.426    14.767    chen_wen_game/clk_IBUF_BUFG
    SLICE_X29Y80         FDRE                                         r  chen_wen_game/solution_calculated_reg/C
                         clock pessimism              0.258    15.025    
                         clock uncertainty           -0.035    14.990    
    SLICE_X29Y80         FDRE (Setup_fdre_C_D)        0.029    15.019    chen_wen_game/solution_calculated_reg
  -------------------------------------------------------------------
                         required time                         15.019    
                         arrival time                         -12.920    
  -------------------------------------------------------------------
                         slack                                  2.098    

Slack (MET) :             2.101ns  (required time - arrival time)
  Source:                 chen_wen_game/for_wire5/colour_in_number_reg[0]/C
                            (rising edge-triggered cell FDRE clocked by sys_clk_pin  {rise@0.000ns fall@5.000ns period=10.000ns})
  Destination:            chen_wen_game/round_left_reg[0]/D
                            (rising edge-triggered cell FDRE clocked by sys_clk_pin  {rise@0.000ns fall@5.000ns period=10.000ns})
  Path Group:             sys_clk_pin
  Path Type:              Setup (Max at Slow Process Corner)
  Requirement:            10.000ns  (sys_clk_pin rise@10.000ns - sys_clk_pin rise@0.000ns)
  Data Path Delay:        7.903ns  (logic 2.034ns (25.737%)  route 5.869ns (74.263%))
  Logic Levels:           9  (LUT2=1 LUT4=2 LUT5=2 LUT6=4)
  Clock Path Skew:        -0.038ns (DCD - SCD + CPR)
    Destination Clock Delay (DCD):    4.765ns = ( 14.765 - 10.000 ) 
    Source Clock Delay      (SCD):    5.061ns
    Clock Pessimism Removal (CPR):    0.258ns
  Clock Uncertainty:      0.035ns  ((TSJ^2 + TIJ^2)^1/2 + DJ) / 2 + PE
    Total System Jitter     (TSJ):    0.071ns
    Total Input Jitter      (TIJ):    0.000ns
    Discrete Jitter          (DJ):    0.000ns
    Phase Error              (PE):    0.000ns

    Location             Delay type                Incr(ns)  Path(ns)    Netlist Resource(s)
  -------------------------------------------------------------------    -------------------
                         (clock sys_clk_pin rise edge)
                                                      0.000     0.000 r  
    W5                                                0.000     0.000 r  clk (IN)
                         net (fo=0)                   0.000     0.000    clk
    W5                   IBUF (Prop_ibuf_I_O)         1.458     1.458 r  clk_IBUF_inst/O
                         net (fo=1, routed)           1.967     3.425    clk_IBUF
    BUFGCTRL_X0Y0        BUFG (Prop_bufg_I_O)         0.096     3.521 r  clk_IBUF_BUFG_inst/O
                         net (fo=985, routed)         1.540     5.061    chen_wen_game/for_wire5/clk_IBUF_BUFG
    SLICE_X35Y80         FDRE                                         r  chen_wen_game/for_wire5/colour_in_number_reg[0]/C
  -------------------------------------------------------------------    -------------------
    SLICE_X35Y80         FDRE (Prop_fdre_C_Q)         0.456     5.517 r  chen_wen_game/for_wire5/colour_in_number_reg[0]/Q
                         net (fo=4, routed)           1.123     6.640    chen_wen_game/for_wire5/wire_number_12[0]
    SLICE_X36Y82         LUT6 (Prop_lut6_I0_O)        0.124     6.764 r  chen_wen_game/for_wire5/solution_wires[2]_i_6/O
                         net (fo=1, routed)           0.784     7.548    chen_wen_game/for_wire1/colour_in_number_reg[0]_0
    SLICE_X35Y82         LUT5 (Prop_lut5_I0_O)        0.150     7.698 r  chen_wen_game/for_wire1/solution_wires[2]_i_2/O
                         net (fo=2, routed)           0.450     8.148    chen_wen_game/for_wire1/solution_wires[2]_i_2_n_0
    SLICE_X33Y83         LUT4 (Prop_lut4_I0_O)        0.326     8.474 r  chen_wen_game/for_wire1/solution_wires[1]_i_1/O
                         net (fo=5, routed)           0.748     9.222    chen_wen_game/for_wire1/solution_wires_reg[1]
    SLICE_X31Y81         LUT5 (Prop_lut5_I4_O)        0.150     9.372 f  chen_wen_game/for_wire1/oled_data[15]_i_33/O
                         net (fo=1, routed)           0.266     9.638    chen_wen_game/for_wire5/final_answer_reg[2]
    SLICE_X31Y81         LUT6 (Prop_lut6_I2_O)        0.332     9.970 f  chen_wen_game/for_wire5/oled_data[15]_i_17/O
                         net (fo=1, routed)           0.433    10.403    chen_wen_game/for_wire1/final_answer_reg[4]
    SLICE_X31Y80         LUT6 (Prop_lut6_I1_O)        0.124    10.527 f  chen_wen_game/for_wire1/oled_data[15]_i_8/O
                         net (fo=2, routed)           0.797    11.324    chen_wen_game/for_wire1/oled_data[15]_i_8_n_0
    SLICE_X34Y83         LUT2 (Prop_lut2_I0_O)        0.124    11.448 f  chen_wen_game/for_wire1/round_left[1]_i_3/O
                         net (fo=6, routed)           0.604    12.052    chen_wen_game/for_wire1/round_left_reg[1]
    SLICE_X33Y80         LUT6 (Prop_lut6_I5_O)        0.124    12.176 r  chen_wen_game/for_wire1/round_left[1]_i_2/O
                         net (fo=12, routed)          0.664    12.840    chen_wen_game/for_wire1/next_round8_out
    SLICE_X30Y80         LUT4 (Prop_lut4_I2_O)        0.124    12.964 r  chen_wen_game/for_wire1/round_left[0]_i_1/O
                         net (fo=1, routed)           0.000    12.964    chen_wen_game/for_wire1_n_28
    SLICE_X30Y80         FDRE                                         r  chen_wen_game/round_left_reg[0]/D
  -------------------------------------------------------------------    -------------------

                         (clock sys_clk_pin rise edge)
                                                     10.000    10.000 r  
    W5                                                0.000    10.000 r  clk (IN)
                         net (fo=0)                   0.000    10.000    clk
    W5                   IBUF (Prop_ibuf_I_O)         1.388    11.388 r  clk_IBUF_inst/O
                         net (fo=1, routed)           1.862    13.250    clk_IBUF
    BUFGCTRL_X0Y0        BUFG (Prop_bufg_I_O)         0.091    13.341 r  clk_IBUF_BUFG_inst/O
                         net (fo=985, routed)         1.424    14.765    chen_wen_game/clk_IBUF_BUFG
    SLICE_X30Y80         FDRE                                         r  chen_wen_game/round_left_reg[0]/C
                         clock pessimism              0.258    15.023    
                         clock uncertainty           -0.035    14.988    
    SLICE_X30Y80         FDRE (Setup_fdre_C_D)        0.077    15.065    chen_wen_game/round_left_reg[0]
  -------------------------------------------------------------------
                         required time                         15.065    
                         arrival time                         -12.964    
  -------------------------------------------------------------------
                         slack                                  2.101    





Min Delay Paths
--------------------------------------------------------------------------------------
Slack (MET) :             0.035ns  (arrival time - required time)
  Source:                 chen_wen_game/lfsr_reg[25]/C
                            (rising edge-triggered cell FDRE clocked by sys_clk_pin  {rise@0.000ns fall@5.000ns period=10.000ns})
  Destination:            chen_wen_game/lfsr_reg[27]_srl2/D
                            (rising edge-triggered cell SRL16E clocked by sys_clk_pin  {rise@0.000ns fall@5.000ns period=10.000ns})
  Path Group:             sys_clk_pin
  Path Type:              Hold (Min at Fast Process Corner)
  Requirement:            0.000ns  (sys_clk_pin rise@0.000ns - sys_clk_pin rise@0.000ns)
  Data Path Delay:        0.357ns  (logic 0.128ns (35.836%)  route 0.229ns (64.164%))
  Logic Levels:           0  
  Clock Path Skew:        0.260ns (DCD - SCD - CPR)
    Destination Clock Delay (DCD):    1.946ns
    Source Clock Delay      (SCD):    1.437ns
    Clock Pessimism Removal (CPR):    0.249ns

    Location             Delay type                Incr(ns)  Path(ns)    Netlist Resource(s)
  -------------------------------------------------------------------    -------------------
                         (clock sys_clk_pin rise edge)
                                                      0.000     0.000 r  
    W5                                                0.000     0.000 r  clk (IN)
                         net (fo=0)                   0.000     0.000    clk
    W5                   IBUF (Prop_ibuf_I_O)         0.226     0.226 r  clk_IBUF_inst/O
                         net (fo=1, routed)           0.631     0.858    clk_IBUF
    BUFGCTRL_X0Y0        BUFG (Prop_bufg_I_O)         0.026     0.884 r  clk_IBUF_BUFG_inst/O
                         net (fo=985, routed)         0.554     1.437    chen_wen_game/clk_IBUF_BUFG
    SLICE_X37Y81         FDRE                                         r  chen_wen_game/lfsr_reg[25]/C
  -------------------------------------------------------------------    -------------------
    SLICE_X37Y81         FDRE (Prop_fdre_C_Q)         0.128     1.565 r  chen_wen_game/lfsr_reg[25]/Q
                         net (fo=2, routed)           0.229     1.794    chen_wen_game/lfsr[25]
    SLICE_X34Y80         SRL16E                                       r  chen_wen_game/lfsr_reg[27]_srl2/D
  -------------------------------------------------------------------    -------------------

                         (clock sys_clk_pin rise edge)
                                                      0.000     0.000 r  
    W5                                                0.000     0.000 r  clk (IN)
                         net (fo=0)                   0.000     0.000    clk
    W5                   IBUF (Prop_ibuf_I_O)         0.414     0.414 r  clk_IBUF_inst/O
                         net (fo=1, routed)           0.685     1.099    clk_IBUF
    BUFGCTRL_X0Y0        BUFG (Prop_bufg_I_O)         0.029     1.128 r  clk_IBUF_BUFG_inst/O
                         net (fo=985, routed)         0.818     1.946    chen_wen_game/clk_IBUF_BUFG
    SLICE_X34Y80         SRL16E                                       r  chen_wen_game/lfsr_reg[27]_srl2/CLK
                         clock pessimism             -0.249     1.697    
    SLICE_X34Y80         SRL16E (Hold_srl16e_CLK_D)
                                                      0.062     1.759    chen_wen_game/lfsr_reg[27]_srl2
  -------------------------------------------------------------------
                         required time                         -1.759    
                         arrival time                           1.794    
  -------------------------------------------------------------------
                         slack                                  0.035    

Slack (MET) :             0.043ns  (arrival time - required time)
  Source:                 chen_wen_game/lfsr_reg[28]/C
                            (rising edge-triggered cell FDRE clocked by sys_clk_pin  {rise@0.000ns fall@5.000ns period=10.000ns})
  Destination:            chen_wen_game/lfsr_reg[29]/D
                            (rising edge-triggered cell FDRE clocked by sys_clk_pin  {rise@0.000ns fall@5.000ns period=10.000ns})
  Path Group:             sys_clk_pin
  Path Type:              Hold (Min at Fast Process Corner)
  Requirement:            0.000ns  (sys_clk_pin rise@0.000ns - sys_clk_pin rise@0.000ns)
  Data Path Delay:        0.323ns  (logic 0.148ns (45.889%)  route 0.175ns (54.111%))
  Logic Levels:           0  
  Clock Path Skew:        0.264ns (DCD - SCD - CPR)
    Destination Clock Delay (DCD):    1.948ns
    Source Clock Delay      (SCD):    1.435ns
    Clock Pessimism Removal (CPR):    0.249ns

    Location             Delay type                Incr(ns)  Path(ns)    Netlist Resource(s)
  -------------------------------------------------------------------    -------------------
                         (clock sys_clk_pin rise edge)
                                                      0.000     0.000 r  
    W5                                                0.000     0.000 r  clk (IN)
                         net (fo=0)                   0.000     0.000    clk
    W5                   IBUF (Prop_ibuf_I_O)         0.226     0.226 r  clk_IBUF_inst/O
                         net (fo=1, routed)           0.631     0.858    clk_IBUF
    BUFGCTRL_X0Y0        BUFG (Prop_bufg_I_O)         0.026     0.884 r  clk_IBUF_BUFG_inst/O
                         net (fo=985, routed)         0.552     1.435    chen_wen_game/clk_IBUF_BUFG
    SLICE_X34Y80         FDRE                                         r  chen_wen_game/lfsr_reg[28]/C
  -------------------------------------------------------------------    -------------------
    SLICE_X34Y80         FDRE (Prop_fdre_C_Q)         0.148     1.583 r  chen_wen_game/lfsr_reg[28]/Q
                         net (fo=2, routed)           0.175     1.758    chen_wen_game/lfsr[28]
    SLICE_X37Y81         FDRE                                         r  chen_wen_game/lfsr_reg[29]/D
  -------------------------------------------------------------------    -------------------

                         (clock sys_clk_pin rise edge)
                                                      0.000     0.000 r  
    W5                                                0.000     0.000 r  clk (IN)
                         net (fo=0)                   0.000     0.000    clk
    W5                   IBUF (Prop_ibuf_I_O)         0.414     0.414 r  clk_IBUF_inst/O
                         net (fo=1, routed)           0.685     1.099    clk_IBUF
    BUFGCTRL_X0Y0        BUFG (Prop_bufg_I_O)         0.029     1.128 r  clk_IBUF_BUFG_inst/O
                         net (fo=985, routed)         0.820     1.948    chen_wen_game/clk_IBUF_BUFG
    SLICE_X37Y81         FDRE                                         r  chen_wen_game/lfsr_reg[29]/C
                         clock pessimism             -0.249     1.699    
    SLICE_X37Y81         FDRE (Hold_fdre_C_D)         0.016     1.715    chen_wen_game/lfsr_reg[29]
  -------------------------------------------------------------------
                         required time                         -1.715    
                         arrival time                           1.758    
  -------------------------------------------------------------------
                         slack                                  0.043    

Slack (MET) :             0.078ns  (arrival time - required time)
  Source:                 chen_wen_game/lfsr_reg[23]/C
                            (rising edge-triggered cell FDRE clocked by sys_clk_pin  {rise@0.000ns fall@5.000ns period=10.000ns})
  Destination:            chen_wen_game/lfsr_reg[24]/D
                            (rising edge-triggered cell FDRE clocked by sys_clk_pin  {rise@0.000ns fall@5.000ns period=10.000ns})
  Path Group:             sys_clk_pin
  Path Type:              Hold (Min at Fast Process Corner)
  Requirement:            0.000ns  (sys_clk_pin rise@0.000ns - sys_clk_pin rise@0.000ns)
  Data Path Delay:        0.356ns  (logic 0.128ns (35.950%)  route 0.228ns (64.050%))
  Logic Levels:           0  
  Clock Path Skew:        0.262ns (DCD - SCD - CPR)
    Destination Clock Delay (DCD):    1.948ns
    Source Clock Delay      (SCD):    1.437ns
    Clock Pessimism Removal (CPR):    0.249ns

    Location             Delay type                Incr(ns)  Path(ns)    Netlist Resource(s)
  -------------------------------------------------------------------    -------------------
                         (clock sys_clk_pin rise edge)
                                                      0.000     0.000 r  
    W5                                                0.000     0.000 r  clk (IN)
                         net (fo=0)                   0.000     0.000    clk
    W5                   IBUF (Prop_ibuf_I_O)         0.226     0.226 r  clk_IBUF_inst/O
                         net (fo=1, routed)           0.631     0.858    clk_IBUF
    BUFGCTRL_X0Y0        BUFG (Prop_bufg_I_O)         0.026     0.884 r  clk_IBUF_BUFG_inst/O
                         net (fo=985, routed)         0.554     1.437    chen_wen_game/clk_IBUF_BUFG
    SLICE_X33Y81         FDRE                                         r  chen_wen_game/lfsr_reg[23]/C
  -------------------------------------------------------------------    -------------------
    SLICE_X33Y81         FDRE (Prop_fdre_C_Q)         0.128     1.565 r  chen_wen_game/lfsr_reg[23]/Q
                         net (fo=2, routed)           0.228     1.793    chen_wen_game/lfsr[23]
    SLICE_X37Y81         FDRE                                         r  chen_wen_game/lfsr_reg[24]/D
  -------------------------------------------------------------------    -------------------

                         (clock sys_clk_pin rise edge)
                                                      0.000     0.000 r  
    W5                                                0.000     0.000 r  clk (IN)
                         net (fo=0)                   0.000     0.000    clk
    W5                   IBUF (Prop_ibuf_I_O)         0.414     0.414 r  clk_IBUF_inst/O
                         net (fo=1, routed)           0.685     1.099    clk_IBUF
    BUFGCTRL_X0Y0        BUFG (Prop_bufg_I_O)         0.029     1.128 r  clk_IBUF_BUFG_inst/O
                         net (fo=985, routed)         0.820     1.948    chen_wen_game/clk_IBUF_BUFG
    SLICE_X37Y81         FDRE                                         r  chen_wen_game/lfsr_reg[24]/C
                         clock pessimism             -0.249     1.699    
    SLICE_X37Y81         FDRE (Hold_fdre_C_D)         0.016     1.715    chen_wen_game/lfsr_reg[24]
  -------------------------------------------------------------------
                         required time                         -1.715    
                         arrival time                           1.793    
  -------------------------------------------------------------------
                         slack                                  0.078    

Slack (MET) :             0.101ns  (arrival time - required time)
  Source:                 counter_reg[24]/C
                            (rising edge-triggered cell FDRE clocked by sys_clk_pin  {rise@0.000ns fall@5.000ns period=10.000ns})
  Destination:            counter_reg[25]/D
                            (rising edge-triggered cell FDRE clocked by sys_clk_pin  {rise@0.000ns fall@5.000ns period=10.000ns})
  Path Group:             sys_clk_pin
  Path Type:              Hold (Min at Fast Process Corner)
  Requirement:            0.000ns  (sys_clk_pin rise@0.000ns - sys_clk_pin rise@0.000ns)
  Data Path Delay:        0.474ns  (logic 0.355ns (74.935%)  route 0.119ns (25.065%))
  Logic Levels:           2  (CARRY4=2)
  Clock Path Skew:        0.268ns (DCD - SCD - CPR)
    Destination Clock Delay (DCD):    1.962ns
    Source Clock Delay      (SCD):    1.450ns
    Clock Pessimism Removal (CPR):    0.244ns

    Location             Delay type                Incr(ns)  Path(ns)    Netlist Resource(s)
  -------------------------------------------------------------------    -------------------
                         (clock sys_clk_pin rise edge)
                                                      0.000     0.000 r  
    W5                                                0.000     0.000 r  clk (IN)
                         net (fo=0)                   0.000     0.000    clk
    W5                   IBUF (Prop_ibuf_I_O)         0.226     0.226 r  clk_IBUF_inst/O
                         net (fo=1, routed)           0.631     0.858    clk_IBUF
    BUFGCTRL_X0Y0        BUFG (Prop_bufg_I_O)         0.026     0.884 r  clk_IBUF_BUFG_inst/O
                         net (fo=985, routed)         0.567     1.450    clk_IBUF_BUFG
    SLICE_X13Y49         FDRE                                         r  counter_reg[24]/C
  -------------------------------------------------------------------    -------------------
    SLICE_X13Y49         FDRE (Prop_fdre_C_Q)         0.141     1.591 r  counter_reg[24]/Q
                         net (fo=2, routed)           0.118     1.709    counter_reg_n_0_[24]
    SLICE_X13Y49         CARRY4 (Prop_carry4_S[3]_CO[3])
                                                      0.160     1.869 r  counter_reg[24]_i_1__0/CO[3]
                         net (fo=1, routed)           0.001     1.870    counter_reg[24]_i_1__0_n_0
    SLICE_X13Y50         CARRY4 (Prop_carry4_CI_O[0])
                                                      0.054     1.924 r  counter_reg[25]_i_2/O[0]
                         net (fo=1, routed)           0.000     1.924    counter_reg[25]_i_2_n_7
    SLICE_X13Y50         FDRE                                         r  counter_reg[25]/D
  -------------------------------------------------------------------    -------------------

                         (clock sys_clk_pin rise edge)
                                                      0.000     0.000 r  
    W5                                                0.000     0.000 r  clk (IN)
                         net (fo=0)                   0.000     0.000    clk
    W5                   IBUF (Prop_ibuf_I_O)         0.414     0.414 r  clk_IBUF_inst/O
                         net (fo=1, routed)           0.685     1.099    clk_IBUF
    BUFGCTRL_X0Y0        BUFG (Prop_bufg_I_O)         0.029     1.128 r  clk_IBUF_BUFG_inst/O
                         net (fo=985, routed)         0.834     1.962    clk_IBUF_BUFG
    SLICE_X13Y50         FDRE                                         r  counter_reg[25]/C
                         clock pessimism             -0.244     1.718    
    SLICE_X13Y50         FDRE (Hold_fdre_C_D)         0.105     1.823    counter_reg[25]
  -------------------------------------------------------------------
                         required time                         -1.823    
                         arrival time                           1.924    
  -------------------------------------------------------------------
                         slack                                  0.101    

Slack (MET) :             0.118ns  (arrival time - required time)
  Source:                 hedley_game/lfsr_reg[2]/C
                            (rising edge-triggered cell FDSE clocked by sys_clk_pin  {rise@0.000ns fall@5.000ns period=10.000ns})
  Destination:            hedley_game/maze_sel_reg_reg[2]/D
                            (rising edge-triggered cell FDRE clocked by sys_clk_pin  {rise@0.000ns fall@5.000ns period=10.000ns})
  Path Group:             sys_clk_pin
  Path Type:              Hold (Min at Fast Process Corner)
  Requirement:            0.000ns  (sys_clk_pin rise@0.000ns - sys_clk_pin rise@0.000ns)
  Data Path Delay:        0.252ns  (logic 0.186ns (73.721%)  route 0.066ns (26.279%))
  Logic Levels:           1  (LUT5=1)
  Clock Path Skew:        0.013ns (DCD - SCD - CPR)
    Destination Clock Delay (DCD):    1.950ns
    Source Clock Delay      (SCD):    1.438ns
    Clock Pessimism Removal (CPR):    0.499ns

    Location             Delay type                Incr(ns)  Path(ns)    Netlist Resource(s)
  -------------------------------------------------------------------    -------------------
                         (clock sys_clk_pin rise edge)
                                                      0.000     0.000 r  
    W5                                                0.000     0.000 r  clk (IN)
                         net (fo=0)                   0.000     0.000    clk
    W5                   IBUF (Prop_ibuf_I_O)         0.226     0.226 r  clk_IBUF_inst/O
                         net (fo=1, routed)           0.631     0.858    clk_IBUF
    BUFGCTRL_X0Y0        BUFG (Prop_bufg_I_O)         0.026     0.884 r  clk_IBUF_BUFG_inst/O
                         net (fo=985, routed)         0.555     1.438    hedley_game/clk_IBUF_BUFG
    SLICE_X43Y82         FDSE                                         r  hedley_game/lfsr_reg[2]/C
  -------------------------------------------------------------------    -------------------
    SLICE_X43Y82         FDSE (Prop_fdse_C_Q)         0.141     1.579 r  hedley_game/lfsr_reg[2]/Q
                         net (fo=2, routed)           0.066     1.646    hedley_game/lfsr_reg_n_0_[2]
    SLICE_X42Y82         LUT5 (Prop_lut5_I1_O)        0.045     1.691 r  hedley_game/maze_sel_reg[2]_i_1/O
                         net (fo=1, routed)           0.000     1.691    hedley_game/maze_sel_reg[2]_i_1_n_0
    SLICE_X42Y82         FDRE                                         r  hedley_game/maze_sel_reg_reg[2]/D
  -------------------------------------------------------------------    -------------------

                         (clock sys_clk_pin rise edge)
                                                      0.000     0.000 r  
    W5                                                0.000     0.000 r  clk (IN)
                         net (fo=0)                   0.000     0.000    clk
    W5                   IBUF (Prop_ibuf_I_O)         0.414     0.414 r  clk_IBUF_inst/O
                         net (fo=1, routed)           0.685     1.099    clk_IBUF
    BUFGCTRL_X0Y0        BUFG (Prop_bufg_I_O)         0.029     1.128 r  clk_IBUF_BUFG_inst/O
                         net (fo=985, routed)         0.822     1.950    hedley_game/clk_IBUF_BUFG
    SLICE_X42Y82         FDRE                                         r  hedley_game/maze_sel_reg_reg[2]/C
                         clock pessimism             -0.499     1.451    
    SLICE_X42Y82         FDRE (Hold_fdre_C_D)         0.121     1.572    hedley_game/maze_sel_reg_reg[2]
  -------------------------------------------------------------------
                         required time                         -1.572    
                         arrival time                           1.691    
  -------------------------------------------------------------------
                         slack                                  0.118    

Slack (MET) :             0.129ns  (arrival time - required time)
  Source:                 chen_wen_game/for_wire5/oled_data_reg[14]/C
                            (rising edge-triggered cell FDRE clocked by sys_clk_pin  {rise@0.000ns fall@5.000ns period=10.000ns})
  Destination:            chen_wen_game/oled_data_reg[14]/D
                            (rising edge-triggered cell FDRE clocked by sys_clk_pin  {rise@0.000ns fall@5.000ns period=10.000ns})
  Path Group:             sys_clk_pin
  Path Type:              Hold (Min at Fast Process Corner)
  Requirement:            0.000ns  (sys_clk_pin rise@0.000ns - sys_clk_pin rise@0.000ns)
  Data Path Delay:        0.484ns  (logic 0.231ns (47.709%)  route 0.253ns (52.291%))
  Logic Levels:           2  (LUT6=2)
  Clock Path Skew:        0.263ns (DCD - SCD - CPR)
    Destination Clock Delay (DCD):    1.950ns
    Source Clock Delay      (SCD):    1.438ns
    Clock Pessimism Removal (CPR):    0.249ns

    Location             Delay type                Incr(ns)  Path(ns)    Netlist Resource(s)
  -------------------------------------------------------------------    -------------------
                         (clock sys_clk_pin rise edge)
                                                      0.000     0.000 r  
    W5                                                0.000     0.000 r  clk (IN)
                         net (fo=0)                   0.000     0.000    clk
    W5                   IBUF (Prop_ibuf_I_O)         0.226     0.226 r  clk_IBUF_inst/O
                         net (fo=1, routed)           0.631     0.858    clk_IBUF
    BUFGCTRL_X0Y0        BUFG (Prop_bufg_I_O)         0.026     0.884 r  clk_IBUF_BUFG_inst/O
                         net (fo=985, routed)         0.555     1.438    chen_wen_game/for_wire5/clk_IBUF_BUFG
    SLICE_X35Y83         FDRE                                         r  chen_wen_game/for_wire5/oled_data_reg[14]/C
  -------------------------------------------------------------------    -------------------
    SLICE_X35Y83         FDRE (Prop_fdre_C_Q)         0.141     1.579 r  chen_wen_game/for_wire5/oled_data_reg[14]/Q
                         net (fo=1, routed)           0.155     1.734    chen_wen_game/for_wire5/output_colour_5[14]
    SLICE_X36Y83         LUT6 (Prop_lut6_I1_O)        0.045     1.779 r  chen_wen_game/for_wire5/oled_data[14]_i_2/O
                         net (fo=1, routed)           0.099     1.877    chen_wen_game/for_wire1/oled_data_reg[14]_0
    SLICE_X36Y83         LUT6 (Prop_lut6_I1_O)        0.045     1.922 r  chen_wen_game/for_wire1/oled_data[14]_i_1__4/O
                         net (fo=1, routed)           0.000     1.922    chen_wen_game/for_wire1_n_1
    SLICE_X36Y83         FDRE                                         r  chen_wen_game/oled_data_reg[14]/D
  -------------------------------------------------------------------    -------------------

                         (clock sys_clk_pin rise edge)
                                                      0.000     0.000 r  
    W5                                                0.000     0.000 r  clk (IN)
                         net (fo=0)                   0.000     0.000    clk
    W5                   IBUF (Prop_ibuf_I_O)         0.414     0.414 r  clk_IBUF_inst/O
                         net (fo=1, routed)           0.685     1.099    clk_IBUF
    BUFGCTRL_X0Y0        BUFG (Prop_bufg_I_O)         0.029     1.128 r  clk_IBUF_BUFG_inst/O
                         net (fo=985, routed)         0.822     1.950    chen_wen_game/clk_IBUF_BUFG
    SLICE_X36Y83         FDRE                                         r  chen_wen_game/oled_data_reg[14]/C
                         clock pessimism             -0.249     1.701    
    SLICE_X36Y83         FDRE (Hold_fdre_C_D)         0.092     1.793    chen_wen_game/oled_data_reg[14]
  -------------------------------------------------------------------
                         required time                         -1.793    
                         arrival time                           1.922    
  -------------------------------------------------------------------
                         slack                                  0.129    

Slack (MET) :             0.133ns  (arrival time - required time)
  Source:                 hedley_game/lfsr_reg[0]/C
                            (rising edge-triggered cell FDSE clocked by sys_clk_pin  {rise@0.000ns fall@5.000ns period=10.000ns})
  Destination:            hedley_game/lfsr_reg[1]/D
                            (rising edge-triggered cell FDRE clocked by sys_clk_pin  {rise@0.000ns fall@5.000ns period=10.000ns})
  Path Group:             sys_clk_pin
  Path Type:              Hold (Min at Fast Process Corner)
  Requirement:            0.000ns  (sys_clk_pin rise@0.000ns - sys_clk_pin rise@0.000ns)
  Data Path Delay:        0.208ns  (logic 0.141ns (67.788%)  route 0.067ns (32.212%))
  Logic Levels:           0  
  Clock Path Skew:        0.000ns (DCD - SCD - CPR)
    Destination Clock Delay (DCD):    1.950ns
    Source Clock Delay      (SCD):    1.438ns
    Clock Pessimism Removal (CPR):    0.512ns

    Location             Delay type                Incr(ns)  Path(ns)    Netlist Resource(s)
  -------------------------------------------------------------------    -------------------
                         (clock sys_clk_pin rise edge)
                                                      0.000     0.000 r  
    W5                                                0.000     0.000 r  clk (IN)
                         net (fo=0)                   0.000     0.000    clk
    W5                   IBUF (Prop_ibuf_I_O)         0.226     0.226 r  clk_IBUF_inst/O
                         net (fo=1, routed)           0.631     0.858    clk_IBUF
    BUFGCTRL_X0Y0        BUFG (Prop_bufg_I_O)         0.026     0.884 r  clk_IBUF_BUFG_inst/O
                         net (fo=985, routed)         0.555     1.438    hedley_game/clk_IBUF_BUFG
    SLICE_X43Y82         FDSE                                         r  hedley_game/lfsr_reg[0]/C
  -------------------------------------------------------------------    -------------------
    SLICE_X43Y82         FDSE (Prop_fdse_C_Q)         0.141     1.579 r  hedley_game/lfsr_reg[0]/Q
                         net (fo=2, routed)           0.067     1.646    hedley_game/lfsr_reg_n_0_[0]
    SLICE_X43Y82         FDRE                                         r  hedley_game/lfsr_reg[1]/D
  -------------------------------------------------------------------    -------------------

                         (clock sys_clk_pin rise edge)
                                                      0.000     0.000 r  
    W5                                                0.000     0.000 r  clk (IN)
                         net (fo=0)                   0.000     0.000    clk
    W5                   IBUF (Prop_ibuf_I_O)         0.414     0.414 r  clk_IBUF_inst/O
                         net (fo=1, routed)           0.685     1.099    clk_IBUF
    BUFGCTRL_X0Y0        BUFG (Prop_bufg_I_O)         0.029     1.128 r  clk_IBUF_BUFG_inst/O
                         net (fo=985, routed)         0.822     1.950    hedley_game/clk_IBUF_BUFG
    SLICE_X43Y82         FDRE                                         r  hedley_game/lfsr_reg[1]/C
                         clock pessimism             -0.512     1.438    
    SLICE_X43Y82         FDRE (Hold_fdre_C_D)         0.075     1.513    hedley_game/lfsr_reg[1]
  -------------------------------------------------------------------
                         required time                         -1.513    
                         arrival time                           1.646    
  -------------------------------------------------------------------
                         slack                                  0.133    

Slack (MET) :             0.145ns  (arrival time - required time)
  Source:                 chen_wen_game/wire5_colour_reg[1]/C
                            (rising edge-triggered cell FDRE clocked by sys_clk_pin  {rise@0.000ns fall@5.000ns period=10.000ns})
  Destination:            chen_wen_game/for_wire5/oled_data_reg[15]/D
                            (rising edge-triggered cell FDRE clocked by sys_clk_pin  {rise@0.000ns fall@5.000ns period=10.000ns})
  Path Group:             sys_clk_pin
  Path Type:              Hold (Min at Fast Process Corner)
  Requirement:            0.000ns  (sys_clk_pin rise@0.000ns - sys_clk_pin rise@0.000ns)
  Data Path Delay:        0.538ns  (logic 0.248ns (46.097%)  route 0.290ns (53.903%))
  Logic Levels:           1  (LUT3=1)
  Clock Path Skew:        0.262ns (DCD - SCD - CPR)
    Destination Clock Delay (DCD):    1.949ns
    Source Clock Delay      (SCD):    1.438ns
    Clock Pessimism Removal (CPR):    0.249ns

    Location             Delay type                Incr(ns)  Path(ns)    Netlist Resource(s)
  -------------------------------------------------------------------    -------------------
                         (clock sys_clk_pin rise edge)
                                                      0.000     0.000 r  
    W5                                                0.000     0.000 r  clk (IN)
                         net (fo=0)                   0.000     0.000    clk
    W5                   IBUF (Prop_ibuf_I_O)         0.226     0.226 r  clk_IBUF_inst/O
                         net (fo=1, routed)           0.631     0.858    clk_IBUF
    BUFGCTRL_X0Y0        BUFG (Prop_bufg_I_O)         0.026     0.884 r  clk_IBUF_BUFG_inst/O
                         net (fo=985, routed)         0.555     1.438    chen_wen_game/clk_IBUF_BUFG
    SLICE_X38Y82         FDRE                                         r  chen_wen_game/wire5_colour_reg[1]/C
  -------------------------------------------------------------------    -------------------
    SLICE_X38Y82         FDRE (Prop_fdre_C_Q)         0.148     1.586 r  chen_wen_game/wire5_colour_reg[1]/Q
                         net (fo=9, routed)           0.290     1.876    chen_wen_game/for_wire5/wire5_colour_reg[2][1]
    SLICE_X34Y83         LUT3 (Prop_lut3_I0_O)        0.100     1.976 r  chen_wen_game/for_wire5/oled_data[15]_i_1__3/O
                         net (fo=1, routed)           0.000     1.976    chen_wen_game/for_wire5/p_0_in[15]
    SLICE_X34Y83         FDRE                                         r  chen_wen_game/for_wire5/oled_data_reg[15]/D
  -------------------------------------------------------------------    -------------------

                         (clock sys_clk_pin rise edge)
                                                      0.000     0.000 r  
    W5                                                0.000     0.000 r  clk (IN)
                         net (fo=0)                   0.000     0.000    clk
    W5                   IBUF (Prop_ibuf_I_O)         0.414     0.414 r  clk_IBUF_inst/O
                         net (fo=1, routed)           0.685     1.099    clk_IBUF
    BUFGCTRL_X0Y0        BUFG (Prop_bufg_I_O)         0.029     1.128 r  clk_IBUF_BUFG_inst/O
                         net (fo=985, routed)         0.822     1.949    chen_wen_game/for_wire5/clk_IBUF_BUFG
    SLICE_X34Y83         FDRE                                         r  chen_wen_game/for_wire5/oled_data_reg[15]/C
                         clock pessimism             -0.249     1.700    
    SLICE_X34Y83         FDRE (Hold_fdre_C_D)         0.131     1.831    chen_wen_game/for_wire5/oled_data_reg[15]
  -------------------------------------------------------------------
                         required time                         -1.831    
                         arrival time                           1.976    
  -------------------------------------------------------------------
                         slack                                  0.145    

Slack (MET) :             0.146ns  (arrival time - required time)
  Source:                 chen_wen_game/wire5_colour_reg[1]/C
                            (rising edge-triggered cell FDRE clocked by sys_clk_pin  {rise@0.000ns fall@5.000ns period=10.000ns})
  Destination:            chen_wen_game/for_wire5/oled_data_reg[4]/D
                            (rising edge-triggered cell FDRE clocked by sys_clk_pin  {rise@0.000ns fall@5.000ns period=10.000ns})
  Path Group:             sys_clk_pin
  Path Type:              Hold (Min at Fast Process Corner)
  Requirement:            0.000ns  (sys_clk_pin rise@0.000ns - sys_clk_pin rise@0.000ns)
  Data Path Delay:        0.539ns  (logic 0.250ns (46.383%)  route 0.289ns (53.617%))
  Logic Levels:           1  (LUT3=1)
  Clock Path Skew:        0.262ns (DCD - SCD - CPR)
    Destination Clock Delay (DCD):    1.949ns
    Source Clock Delay      (SCD):    1.438ns
    Clock Pessimism Removal (CPR):    0.249ns

    Location             Delay type                Incr(ns)  Path(ns)    Netlist Resource(s)
  -------------------------------------------------------------------    -------------------
                         (clock sys_clk_pin rise edge)
                                                      0.000     0.000 r  
    W5                                                0.000     0.000 r  clk (IN)
                         net (fo=0)                   0.000     0.000    clk
    W5                   IBUF (Prop_ibuf_I_O)         0.226     0.226 r  clk_IBUF_inst/O
                         net (fo=1, routed)           0.631     0.858    clk_IBUF
    BUFGCTRL_X0Y0        BUFG (Prop_bufg_I_O)         0.026     0.884 r  clk_IBUF_BUFG_inst/O
                         net (fo=985, routed)         0.555     1.438    chen_wen_game/clk_IBUF_BUFG
    SLICE_X38Y82         FDRE                                         r  chen_wen_game/wire5_colour_reg[1]/C
  -------------------------------------------------------------------    -------------------
    SLICE_X38Y82         FDRE (Prop_fdre_C_Q)         0.148     1.586 r  chen_wen_game/wire5_colour_reg[1]/Q
                         net (fo=9, routed)           0.289     1.875    chen_wen_game/for_wire5/wire5_colour_reg[2][1]
    SLICE_X34Y83         LUT3 (Prop_lut3_I2_O)        0.102     1.977 r  chen_wen_game/for_wire5/oled_data[4]_i_1__3/O
                         net (fo=1, routed)           0.000     1.977    chen_wen_game/for_wire5/p_0_in[4]
    SLICE_X34Y83         FDRE                                         r  chen_wen_game/for_wire5/oled_data_reg[4]/D
  -------------------------------------------------------------------    -------------------

                         (clock sys_clk_pin rise edge)
                                                      0.000     0.000 r  
    W5                                                0.000     0.000 r  clk (IN)
                         net (fo=0)                   0.000     0.000    clk
    W5                   IBUF (Prop_ibuf_I_O)         0.414     0.414 r  clk_IBUF_inst/O
                         net (fo=1, routed)           0.685     1.099    clk_IBUF
    BUFGCTRL_X0Y0        BUFG (Prop_bufg_I_O)         0.029     1.128 r  clk_IBUF_BUFG_inst/O
                         net (fo=985, routed)         0.822     1.949    chen_wen_game/for_wire5/clk_IBUF_BUFG
    SLICE_X34Y83         FDRE                                         r  chen_wen_game/for_wire5/oled_data_reg[4]/C
                         clock pessimism             -0.249     1.700    
    SLICE_X34Y83         FDRE (Hold_fdre_C_D)         0.131     1.831    chen_wen_game/for_wire5/oled_data_reg[4]
  -------------------------------------------------------------------
                         required time                         -1.831    
                         arrival time                           1.977    
  -------------------------------------------------------------------
                         slack                                  0.146    

Slack (MET) :             0.151ns  (arrival time - required time)
  Source:                 hedley_game/lfsr_reg[0]/C
                            (rising edge-triggered cell FDSE clocked by sys_clk_pin  {rise@0.000ns fall@5.000ns period=10.000ns})
  Destination:            hedley_game/maze_sel_reg_reg[0]/D
                            (rising edge-triggered cell FDRE clocked by sys_clk_pin  {rise@0.000ns fall@5.000ns period=10.000ns})
  Path Group:             sys_clk_pin
  Path Type:              Hold (Min at Fast Process Corner)
  Requirement:            0.000ns  (sys_clk_pin rise@0.000ns - sys_clk_pin rise@0.000ns)
  Data Path Delay:        0.284ns  (logic 0.186ns (65.492%)  route 0.098ns (34.508%))
  Logic Levels:           1  (LUT5=1)
  Clock Path Skew:        0.013ns (DCD - SCD - CPR)
    Destination Clock Delay (DCD):    1.950ns
    Source Clock Delay      (SCD):    1.438ns
    Clock Pessimism Removal (CPR):    0.499ns

    Location             Delay type                Incr(ns)  Path(ns)    Netlist Resource(s)
  -------------------------------------------------------------------    -------------------
                         (clock sys_clk_pin rise edge)
                                                      0.000     0.000 r  
    W5                                                0.000     0.000 r  clk (IN)
                         net (fo=0)                   0.000     0.000    clk
    W5                   IBUF (Prop_ibuf_I_O)         0.226     0.226 r  clk_IBUF_inst/O
                         net (fo=1, routed)           0.631     0.858    clk_IBUF
    BUFGCTRL_X0Y0        BUFG (Prop_bufg_I_O)         0.026     0.884 r  clk_IBUF_BUFG_inst/O
                         net (fo=985, routed)         0.555     1.438    hedley_game/clk_IBUF_BUFG
    SLICE_X43Y82         FDSE                                         r  hedley_game/lfsr_reg[0]/C
  -------------------------------------------------------------------    -------------------
    SLICE_X43Y82         FDSE (Prop_fdse_C_Q)         0.141     1.579 r  hedley_game/lfsr_reg[0]/Q
                         net (fo=2, routed)           0.098     1.677    hedley_game/lfsr_reg_n_0_[0]
    SLICE_X42Y82         LUT5 (Prop_lut5_I1_O)        0.045     1.722 r  hedley_game/maze_sel_reg[0]_i_1/O
                         net (fo=1, routed)           0.000     1.722    hedley_game/maze_sel_reg[0]_i_1_n_0
    SLICE_X42Y82         FDRE                                         r  hedley_game/maze_sel_reg_reg[0]/D
  -------------------------------------------------------------------    -------------------

                         (clock sys_clk_pin rise edge)
                                                      0.000     0.000 r  
    W5                                                0.000     0.000 r  clk (IN)
                         net (fo=0)                   0.000     0.000    clk
    W5                   IBUF (Prop_ibuf_I_O)         0.414     0.414 r  clk_IBUF_inst/O
                         net (fo=1, routed)           0.685     1.099    clk_IBUF
    BUFGCTRL_X0Y0        BUFG (Prop_bufg_I_O)         0.029     1.128 r  clk_IBUF_BUFG_inst/O
                         net (fo=985, routed)         0.822     1.950    hedley_game/clk_IBUF_BUFG
    SLICE_X42Y82         FDRE                                         r  hedley_game/maze_sel_reg_reg[0]/C
                         clock pessimism             -0.499     1.451    
    SLICE_X42Y82         FDRE (Hold_fdre_C_D)         0.120     1.571    hedley_game/maze_sel_reg_reg[0]
  -------------------------------------------------------------------
                         required time                         -1.571    
                         arrival time                           1.722    
  -------------------------------------------------------------------
                         slack                                  0.151    





Pulse Width Checks
--------------------------------------------------------------------------------------
Clock Name:         sys_clk_pin
Waveform(ns):       { 0.000 5.000 }
Period(ns):         10.000
Sources:            { clk }

Check Type        Corner  Lib Pin     Reference Pin  Required(ns)  Actual(ns)  Slack(ns)  Location       Pin
Min Period        n/a     BUFG/I      n/a            2.155         10.000      7.845      BUFGCTRL_X0Y0  clk_IBUF_BUFG_inst/I
Min Period        n/a     FDRE/C      n/a            1.000         10.000      9.000      SLICE_X10Y73   db4/count_reg[11]/C
Min Period        n/a     FDRE/C      n/a            1.000         10.000      9.000      SLICE_X10Y74   db4/count_reg[12]/C
Min Period        n/a     FDRE/C      n/a            1.000         10.000      9.000      SLICE_X10Y74   db4/count_reg[13]/C
Min Period        n/a     FDRE/C      n/a            1.000         10.000      9.000      SLICE_X10Y74   db4/count_reg[14]/C
Min Period        n/a     FDRE/C      n/a            1.000         10.000      9.000      SLICE_X10Y74   db4/count_reg[15]/C
Min Period        n/a     FDRE/C      n/a            1.000         10.000      9.000      SLICE_X10Y75   db4/count_reg[16]/C
Min Period        n/a     FDRE/C      n/a            1.000         10.000      9.000      SLICE_X10Y75   db4/count_reg[17]/C
Min Period        n/a     FDRE/C      n/a            1.000         10.000      9.000      SLICE_X10Y75   db4/count_reg[18]/C
Min Period        n/a     FDRE/C      n/a            1.000         10.000      9.000      SLICE_X10Y75   db4/count_reg[19]/C
Low Pulse Width   Slow    SRL16E/CLK  n/a            0.980         5.000       4.020      SLICE_X42Y35   timer/noise_reg_reg[9]_srl9/CLK
Low Pulse Width   Slow    SRL16E/CLK  n/a            0.980         5.000       4.020      SLICE_X34Y80   chen_wen_game/lfsr_reg[17]_srl2/CLK
Low Pulse Width   Fast    SRL16E/CLK  n/a            0.980         5.000       4.020      SLICE_X34Y80   chen_wen_game/lfsr_reg[17]_srl2/CLK
Low Pulse Width   Slow    SRL16E/CLK  n/a            0.980         5.000       4.020      SLICE_X34Y80   chen_wen_game/lfsr_reg[27]_srl2/CLK
Low Pulse Width   Fast    SRL16E/CLK  n/a            0.980         5.000       4.020      SLICE_X34Y80   chen_wen_game/lfsr_reg[27]_srl2/CLK
Low Pulse Width   Fast    SRL16E/CLK  n/a            0.980         5.000       4.020      SLICE_X42Y35   timer/noise_reg_reg[9]_srl9/CLK
Low Pulse Width   Slow    FDPE/C      n/a            0.500         5.000       4.500      SLICE_X3Y88    chen_wen_game/mouse/Inst_Ps2Interface/FSM_onehot_state_reg[0]/C
Low Pulse Width   Slow    FDCE/C      n/a            0.500         5.000       4.500      SLICE_X0Y88    chen_wen_game/mouse/Inst_Ps2Interface/FSM_onehot_state_reg[10]/C
Low Pulse Width   Slow    FDCE/C      n/a            0.500         5.000       4.500      SLICE_X1Y88    chen_wen_game/mouse/Inst_Ps2Interface/FSM_onehot_state_reg[11]/C
Low Pulse Width   Slow    FDCE/C      n/a            0.500         5.000       4.500      SLICE_X0Y88    chen_wen_game/mouse/Inst_Ps2Interface/FSM_onehot_state_reg[16]/C
High Pulse Width  Fast    SRL16E/CLK  n/a            0.980         5.000       4.020      SLICE_X42Y35   timer/noise_reg_reg[9]_srl9/CLK
High Pulse Width  Slow    SRL16E/CLK  n/a            0.980         5.000       4.020      SLICE_X42Y35   timer/noise_reg_reg[9]_srl9/CLK
High Pulse Width  Slow    SRL16E/CLK  n/a            0.980         5.000       4.020      SLICE_X34Y80   chen_wen_game/lfsr_reg[17]_srl2/CLK
High Pulse Width  Fast    SRL16E/CLK  n/a            0.980         5.000       4.020      SLICE_X34Y80   chen_wen_game/lfsr_reg[17]_srl2/CLK
High Pulse Width  Slow    SRL16E/CLK  n/a            0.980         5.000       4.020      SLICE_X34Y80   chen_wen_game/lfsr_reg[27]_srl2/CLK
High Pulse Width  Fast    SRL16E/CLK  n/a            0.980         5.000       4.020      SLICE_X34Y80   chen_wen_game/lfsr_reg[27]_srl2/CLK
High Pulse Width  Slow    FDRE/C      n/a            0.500         5.000       4.500      SLICE_X10Y74   db4/count_reg[12]/C
High Pulse Width  Slow    FDRE/C      n/a            0.500         5.000       4.500      SLICE_X10Y74   db4/count_reg[13]/C
High Pulse Width  Slow    FDRE/C      n/a            0.500         5.000       4.500      SLICE_X10Y74   db4/count_reg[14]/C
High Pulse Width  Slow    FDRE/C      n/a            0.500         5.000       4.500      SLICE_X10Y74   db4/count_reg[15]/C



---------------------------------------------------------------------------------------------------
Path Group:  **async_default**
From Clock:  sys_clk_pin
  To Clock:  sys_clk_pin

Setup :            0  Failing Endpoints,  Worst Slack        5.232ns,  Total Violation        0.000ns
Hold  :            0  Failing Endpoints,  Worst Slack        0.564ns,  Total Violation        0.000ns
---------------------------------------------------------------------------------------------------


Max Delay Paths
--------------------------------------------------------------------------------------
Slack (MET) :             5.232ns  (required time - arrival time)
  Source:                 reset_flag_reg/C
                            (rising edge-triggered cell FDSE clocked by sys_clk_pin  {rise@0.000ns fall@5.000ns period=10.000ns})
  Destination:            timer/m0_reg[3]/CLR
                            (recovery check against rising-edge clock sys_clk_pin  {rise@0.000ns fall@5.000ns period=10.000ns})
  Path Group:             **async_default**
  Path Type:              Recovery (Max at Slow Process Corner)
  Requirement:            10.000ns  (sys_clk_pin rise@10.000ns - sys_clk_pin rise@0.000ns)
  Data Path Delay:        4.125ns  (logic 0.419ns (10.157%)  route 3.706ns (89.843%))
  Logic Levels:           0  
  Clock Path Skew:        -0.028ns (DCD - SCD + CPR)
    Destination Clock Delay (DCD):    4.848ns = ( 14.848 - 10.000 ) 
    Source Clock Delay      (SCD):    5.056ns
    Clock Pessimism Removal (CPR):    0.180ns
  Clock Uncertainty:      0.035ns  ((TSJ^2 + TIJ^2)^1/2 + DJ) / 2 + PE
    Total System Jitter     (TSJ):    0.071ns
    Total Input Jitter      (TIJ):    0.000ns
    Discrete Jitter          (DJ):    0.000ns
    Phase Error              (PE):    0.000ns

    Location             Delay type                Incr(ns)  Path(ns)    Netlist Resource(s)
  -------------------------------------------------------------------    -------------------
                         (clock sys_clk_pin rise edge)
                                                      0.000     0.000 r  
    W5                                                0.000     0.000 r  clk (IN)
                         net (fo=0)                   0.000     0.000    clk
    W5                   IBUF (Prop_ibuf_I_O)         1.458     1.458 r  clk_IBUF_inst/O
                         net (fo=1, routed)           1.967     3.425    clk_IBUF
    BUFGCTRL_X0Y0        BUFG (Prop_bufg_I_O)         0.096     3.521 r  clk_IBUF_BUFG_inst/O
                         net (fo=985, routed)         1.535     5.056    clk_IBUF_BUFG
    SLICE_X31Y76         FDSE                                         r  reset_flag_reg/C
  -------------------------------------------------------------------    -------------------
    SLICE_X31Y76         FDSE (Prop_fdse_C_Q)         0.419     5.475 f  reset_flag_reg/Q
                         net (fo=142, routed)         3.706     9.181    timer/reset_flag_reg
    SLICE_X62Y28         FDCE                                         f  timer/m0_reg[3]/CLR
  -------------------------------------------------------------------    -------------------

                         (clock sys_clk_pin rise edge)
                                                     10.000    10.000 r  
    W5                                                0.000    10.000 r  clk (IN)
                         net (fo=0)                   0.000    10.000    clk
    W5                   IBUF (Prop_ibuf_I_O)         1.388    11.388 r  clk_IBUF_inst/O
                         net (fo=1, routed)           1.862    13.250    clk_IBUF
    BUFGCTRL_X0Y0        BUFG (Prop_bufg_I_O)         0.091    13.341 r  clk_IBUF_BUFG_inst/O
                         net (fo=985, routed)         1.507    14.848    timer/clk_IBUF_BUFG
    SLICE_X62Y28         FDCE                                         r  timer/m0_reg[3]/C
                         clock pessimism              0.180    15.028    
                         clock uncertainty           -0.035    14.993    
    SLICE_X62Y28         FDCE (Recov_fdce_C_CLR)     -0.580    14.413    timer/m0_reg[3]
  -------------------------------------------------------------------
                         required time                         14.413    
                         arrival time                          -9.181    
  -------------------------------------------------------------------
                         slack                                  5.232    

Slack (MET) :             5.236ns  (required time - arrival time)
  Source:                 reset_flag_reg/C
                            (rising edge-triggered cell FDSE clocked by sys_clk_pin  {rise@0.000ns fall@5.000ns period=10.000ns})
  Destination:            timer/s1_reg[0]/CLR
                            (recovery check against rising-edge clock sys_clk_pin  {rise@0.000ns fall@5.000ns period=10.000ns})
  Path Group:             **async_default**
  Path Type:              Recovery (Max at Slow Process Corner)
  Requirement:            10.000ns  (sys_clk_pin rise@10.000ns - sys_clk_pin rise@0.000ns)
  Data Path Delay:        4.121ns  (logic 0.419ns (10.167%)  route 3.702ns (89.833%))
  Logic Levels:           0  
  Clock Path Skew:        -0.028ns (DCD - SCD + CPR)
    Destination Clock Delay (DCD):    4.848ns = ( 14.848 - 10.000 ) 
    Source Clock Delay      (SCD):    5.056ns
    Clock Pessimism Removal (CPR):    0.180ns
  Clock Uncertainty:      0.035ns  ((TSJ^2 + TIJ^2)^1/2 + DJ) / 2 + PE
    Total System Jitter     (TSJ):    0.071ns
    Total Input Jitter      (TIJ):    0.000ns
    Discrete Jitter          (DJ):    0.000ns
    Phase Error              (PE):    0.000ns

    Location             Delay type                Incr(ns)  Path(ns)    Netlist Resource(s)
  -------------------------------------------------------------------    -------------------
                         (clock sys_clk_pin rise edge)
                                                      0.000     0.000 r  
    W5                                                0.000     0.000 r  clk (IN)
                         net (fo=0)                   0.000     0.000    clk
    W5                   IBUF (Prop_ibuf_I_O)         1.458     1.458 r  clk_IBUF_inst/O
                         net (fo=1, routed)           1.967     3.425    clk_IBUF
    BUFGCTRL_X0Y0        BUFG (Prop_bufg_I_O)         0.096     3.521 r  clk_IBUF_BUFG_inst/O
                         net (fo=985, routed)         1.535     5.056    clk_IBUF_BUFG
    SLICE_X31Y76         FDSE                                         r  reset_flag_reg/C
  -------------------------------------------------------------------    -------------------
    SLICE_X31Y76         FDSE (Prop_fdse_C_Q)         0.419     5.475 f  reset_flag_reg/Q
                         net (fo=142, routed)         3.702     9.177    timer/reset_flag_reg
    SLICE_X63Y28         FDCE                                         f  timer/s1_reg[0]/CLR
  -------------------------------------------------------------------    -------------------

                         (clock sys_clk_pin rise edge)
                                                     10.000    10.000 r  
    W5                                                0.000    10.000 r  clk (IN)
                         net (fo=0)                   0.000    10.000    clk
    W5                   IBUF (Prop_ibuf_I_O)         1.388    11.388 r  clk_IBUF_inst/O
                         net (fo=1, routed)           1.862    13.250    clk_IBUF
    BUFGCTRL_X0Y0        BUFG (Prop_bufg_I_O)         0.091    13.341 r  clk_IBUF_BUFG_inst/O
                         net (fo=985, routed)         1.507    14.848    timer/clk_IBUF_BUFG
    SLICE_X63Y28         FDCE                                         r  timer/s1_reg[0]/C
                         clock pessimism              0.180    15.028    
                         clock uncertainty           -0.035    14.993    
    SLICE_X63Y28         FDCE (Recov_fdce_C_CLR)     -0.580    14.413    timer/s1_reg[0]
  -------------------------------------------------------------------
                         required time                         14.413    
                         arrival time                          -9.177    
  -------------------------------------------------------------------
                         slack                                  5.236    

Slack (MET) :             5.236ns  (required time - arrival time)
  Source:                 reset_flag_reg/C
                            (rising edge-triggered cell FDSE clocked by sys_clk_pin  {rise@0.000ns fall@5.000ns period=10.000ns})
  Destination:            timer/s1_reg[1]/CLR
                            (recovery check against rising-edge clock sys_clk_pin  {rise@0.000ns fall@5.000ns period=10.000ns})
  Path Group:             **async_default**
  Path Type:              Recovery (Max at Slow Process Corner)
  Requirement:            10.000ns  (sys_clk_pin rise@10.000ns - sys_clk_pin rise@0.000ns)
  Data Path Delay:        4.121ns  (logic 0.419ns (10.167%)  route 3.702ns (89.833%))
  Logic Levels:           0  
  Clock Path Skew:        -0.028ns (DCD - SCD + CPR)
    Destination Clock Delay (DCD):    4.848ns = ( 14.848 - 10.000 ) 
    Source Clock Delay      (SCD):    5.056ns
    Clock Pessimism Removal (CPR):    0.180ns
  Clock Uncertainty:      0.035ns  ((TSJ^2 + TIJ^2)^1/2 + DJ) / 2 + PE
    Total System Jitter     (TSJ):    0.071ns
    Total Input Jitter      (TIJ):    0.000ns
    Discrete Jitter          (DJ):    0.000ns
    Phase Error              (PE):    0.000ns

    Location             Delay type                Incr(ns)  Path(ns)    Netlist Resource(s)
  -------------------------------------------------------------------    -------------------
                         (clock sys_clk_pin rise edge)
                                                      0.000     0.000 r  
    W5                                                0.000     0.000 r  clk (IN)
                         net (fo=0)                   0.000     0.000    clk
    W5                   IBUF (Prop_ibuf_I_O)         1.458     1.458 r  clk_IBUF_inst/O
                         net (fo=1, routed)           1.967     3.425    clk_IBUF
    BUFGCTRL_X0Y0        BUFG (Prop_bufg_I_O)         0.096     3.521 r  clk_IBUF_BUFG_inst/O
                         net (fo=985, routed)         1.535     5.056    clk_IBUF_BUFG
    SLICE_X31Y76         FDSE                                         r  reset_flag_reg/C
  -------------------------------------------------------------------    -------------------
    SLICE_X31Y76         FDSE (Prop_fdse_C_Q)         0.419     5.475 f  reset_flag_reg/Q
                         net (fo=142, routed)         3.702     9.177    timer/reset_flag_reg
    SLICE_X63Y28         FDCE                                         f  timer/s1_reg[1]/CLR
  -------------------------------------------------------------------    -------------------

                         (clock sys_clk_pin rise edge)
                                                     10.000    10.000 r  
    W5                                                0.000    10.000 r  clk (IN)
                         net (fo=0)                   0.000    10.000    clk
    W5                   IBUF (Prop_ibuf_I_O)         1.388    11.388 r  clk_IBUF_inst/O
                         net (fo=1, routed)           1.862    13.250    clk_IBUF
    BUFGCTRL_X0Y0        BUFG (Prop_bufg_I_O)         0.091    13.341 r  clk_IBUF_BUFG_inst/O
                         net (fo=985, routed)         1.507    14.848    timer/clk_IBUF_BUFG
    SLICE_X63Y28         FDCE                                         r  timer/s1_reg[1]/C
                         clock pessimism              0.180    15.028    
                         clock uncertainty           -0.035    14.993    
    SLICE_X63Y28         FDCE (Recov_fdce_C_CLR)     -0.580    14.413    timer/s1_reg[1]
  -------------------------------------------------------------------
                         required time                         14.413    
                         arrival time                          -9.177    
  -------------------------------------------------------------------
                         slack                                  5.236    

Slack (MET) :             5.236ns  (required time - arrival time)
  Source:                 reset_flag_reg/C
                            (rising edge-triggered cell FDSE clocked by sys_clk_pin  {rise@0.000ns fall@5.000ns period=10.000ns})
  Destination:            timer/s1_reg[2]/CLR
                            (recovery check against rising-edge clock sys_clk_pin  {rise@0.000ns fall@5.000ns period=10.000ns})
  Path Group:             **async_default**
  Path Type:              Recovery (Max at Slow Process Corner)
  Requirement:            10.000ns  (sys_clk_pin rise@10.000ns - sys_clk_pin rise@0.000ns)
  Data Path Delay:        4.121ns  (logic 0.419ns (10.167%)  route 3.702ns (89.833%))
  Logic Levels:           0  
  Clock Path Skew:        -0.028ns (DCD - SCD + CPR)
    Destination Clock Delay (DCD):    4.848ns = ( 14.848 - 10.000 ) 
    Source Clock Delay      (SCD):    5.056ns
    Clock Pessimism Removal (CPR):    0.180ns
  Clock Uncertainty:      0.035ns  ((TSJ^2 + TIJ^2)^1/2 + DJ) / 2 + PE
    Total System Jitter     (TSJ):    0.071ns
    Total Input Jitter      (TIJ):    0.000ns
    Discrete Jitter          (DJ):    0.000ns
    Phase Error              (PE):    0.000ns

    Location             Delay type                Incr(ns)  Path(ns)    Netlist Resource(s)
  -------------------------------------------------------------------    -------------------
                         (clock sys_clk_pin rise edge)
                                                      0.000     0.000 r  
    W5                                                0.000     0.000 r  clk (IN)
                         net (fo=0)                   0.000     0.000    clk
    W5                   IBUF (Prop_ibuf_I_O)         1.458     1.458 r  clk_IBUF_inst/O
                         net (fo=1, routed)           1.967     3.425    clk_IBUF
    BUFGCTRL_X0Y0        BUFG (Prop_bufg_I_O)         0.096     3.521 r  clk_IBUF_BUFG_inst/O
                         net (fo=985, routed)         1.535     5.056    clk_IBUF_BUFG
    SLICE_X31Y76         FDSE                                         r  reset_flag_reg/C
  -------------------------------------------------------------------    -------------------
    SLICE_X31Y76         FDSE (Prop_fdse_C_Q)         0.419     5.475 f  reset_flag_reg/Q
                         net (fo=142, routed)         3.702     9.177    timer/reset_flag_reg
    SLICE_X63Y28         FDCE                                         f  timer/s1_reg[2]/CLR
  -------------------------------------------------------------------    -------------------

                         (clock sys_clk_pin rise edge)
                                                     10.000    10.000 r  
    W5                                                0.000    10.000 r  clk (IN)
                         net (fo=0)                   0.000    10.000    clk
    W5                   IBUF (Prop_ibuf_I_O)         1.388    11.388 r  clk_IBUF_inst/O
                         net (fo=1, routed)           1.862    13.250    clk_IBUF
    BUFGCTRL_X0Y0        BUFG (Prop_bufg_I_O)         0.091    13.341 r  clk_IBUF_BUFG_inst/O
                         net (fo=985, routed)         1.507    14.848    timer/clk_IBUF_BUFG
    SLICE_X63Y28         FDCE                                         r  timer/s1_reg[2]/C
                         clock pessimism              0.180    15.028    
                         clock uncertainty           -0.035    14.993    
    SLICE_X63Y28         FDCE (Recov_fdce_C_CLR)     -0.580    14.413    timer/s1_reg[2]
  -------------------------------------------------------------------
                         required time                         14.413    
                         arrival time                          -9.177    
  -------------------------------------------------------------------
                         slack                                  5.236    

Slack (MET) :             5.278ns  (required time - arrival time)
  Source:                 reset_flag_reg/C
                            (rising edge-triggered cell FDSE clocked by sys_clk_pin  {rise@0.000ns fall@5.000ns period=10.000ns})
  Destination:            timer/m0_reg[0]/PRE
                            (recovery check against rising-edge clock sys_clk_pin  {rise@0.000ns fall@5.000ns period=10.000ns})
  Path Group:             **async_default**
  Path Type:              Recovery (Max at Slow Process Corner)
  Requirement:            10.000ns  (sys_clk_pin rise@10.000ns - sys_clk_pin rise@0.000ns)
  Data Path Delay:        4.125ns  (logic 0.419ns (10.157%)  route 3.706ns (89.843%))
  Logic Levels:           0  
  Clock Path Skew:        -0.028ns (DCD - SCD + CPR)
    Destination Clock Delay (DCD):    4.848ns = ( 14.848 - 10.000 ) 
    Source Clock Delay      (SCD):    5.056ns
    Clock Pessimism Removal (CPR):    0.180ns
  Clock Uncertainty:      0.035ns  ((TSJ^2 + TIJ^2)^1/2 + DJ) / 2 + PE
    Total System Jitter     (TSJ):    0.071ns
    Total Input Jitter      (TIJ):    0.000ns
    Discrete Jitter          (DJ):    0.000ns
    Phase Error              (PE):    0.000ns

    Location             Delay type                Incr(ns)  Path(ns)    Netlist Resource(s)
  -------------------------------------------------------------------    -------------------
                         (clock sys_clk_pin rise edge)
                                                      0.000     0.000 r  
    W5                                                0.000     0.000 r  clk (IN)
                         net (fo=0)                   0.000     0.000    clk
    W5                   IBUF (Prop_ibuf_I_O)         1.458     1.458 r  clk_IBUF_inst/O
                         net (fo=1, routed)           1.967     3.425    clk_IBUF
    BUFGCTRL_X0Y0        BUFG (Prop_bufg_I_O)         0.096     3.521 r  clk_IBUF_BUFG_inst/O
                         net (fo=985, routed)         1.535     5.056    clk_IBUF_BUFG
    SLICE_X31Y76         FDSE                                         r  reset_flag_reg/C
  -------------------------------------------------------------------    -------------------
    SLICE_X31Y76         FDSE (Prop_fdse_C_Q)         0.419     5.475 f  reset_flag_reg/Q
                         net (fo=142, routed)         3.706     9.181    timer/reset_flag_reg
    SLICE_X62Y28         FDPE                                         f  timer/m0_reg[0]/PRE
  -------------------------------------------------------------------    -------------------

                         (clock sys_clk_pin rise edge)
                                                     10.000    10.000 r  
    W5                                                0.000    10.000 r  clk (IN)
                         net (fo=0)                   0.000    10.000    clk
    W5                   IBUF (Prop_ibuf_I_O)         1.388    11.388 r  clk_IBUF_inst/O
                         net (fo=1, routed)           1.862    13.250    clk_IBUF
    BUFGCTRL_X0Y0        BUFG (Prop_bufg_I_O)         0.091    13.341 r  clk_IBUF_BUFG_inst/O
                         net (fo=985, routed)         1.507    14.848    timer/clk_IBUF_BUFG
    SLICE_X62Y28         FDPE                                         r  timer/m0_reg[0]/C
                         clock pessimism              0.180    15.028    
                         clock uncertainty           -0.035    14.993    
    SLICE_X62Y28         FDPE (Recov_fdpe_C_PRE)     -0.534    14.459    timer/m0_reg[0]
  -------------------------------------------------------------------
                         required time                         14.459    
                         arrival time                          -9.181    
  -------------------------------------------------------------------
                         slack                                  5.278    

Slack (MET) :             5.278ns  (required time - arrival time)
  Source:                 reset_flag_reg/C
                            (rising edge-triggered cell FDSE clocked by sys_clk_pin  {rise@0.000ns fall@5.000ns period=10.000ns})
  Destination:            timer/m0_reg[1]/PRE
                            (recovery check against rising-edge clock sys_clk_pin  {rise@0.000ns fall@5.000ns period=10.000ns})
  Path Group:             **async_default**
  Path Type:              Recovery (Max at Slow Process Corner)
  Requirement:            10.000ns  (sys_clk_pin rise@10.000ns - sys_clk_pin rise@0.000ns)
  Data Path Delay:        4.125ns  (logic 0.419ns (10.157%)  route 3.706ns (89.843%))
  Logic Levels:           0  
  Clock Path Skew:        -0.028ns (DCD - SCD + CPR)
    Destination Clock Delay (DCD):    4.848ns = ( 14.848 - 10.000 ) 
    Source Clock Delay      (SCD):    5.056ns
    Clock Pessimism Removal (CPR):    0.180ns
  Clock Uncertainty:      0.035ns  ((TSJ^2 + TIJ^2)^1/2 + DJ) / 2 + PE
    Total System Jitter     (TSJ):    0.071ns
    Total Input Jitter      (TIJ):    0.000ns
    Discrete Jitter          (DJ):    0.000ns
    Phase Error              (PE):    0.000ns

    Location             Delay type                Incr(ns)  Path(ns)    Netlist Resource(s)
  -------------------------------------------------------------------    -------------------
                         (clock sys_clk_pin rise edge)
                                                      0.000     0.000 r  
    W5                                                0.000     0.000 r  clk (IN)
                         net (fo=0)                   0.000     0.000    clk
    W5                   IBUF (Prop_ibuf_I_O)         1.458     1.458 r  clk_IBUF_inst/O
                         net (fo=1, routed)           1.967     3.425    clk_IBUF
    BUFGCTRL_X0Y0        BUFG (Prop_bufg_I_O)         0.096     3.521 r  clk_IBUF_BUFG_inst/O
                         net (fo=985, routed)         1.535     5.056    clk_IBUF_BUFG
    SLICE_X31Y76         FDSE                                         r  reset_flag_reg/C
  -------------------------------------------------------------------    -------------------
    SLICE_X31Y76         FDSE (Prop_fdse_C_Q)         0.419     5.475 f  reset_flag_reg/Q
                         net (fo=142, routed)         3.706     9.181    timer/reset_flag_reg
    SLICE_X62Y28         FDPE                                         f  timer/m0_reg[1]/PRE
  -------------------------------------------------------------------    -------------------

                         (clock sys_clk_pin rise edge)
                                                     10.000    10.000 r  
    W5                                                0.000    10.000 r  clk (IN)
                         net (fo=0)                   0.000    10.000    clk
    W5                   IBUF (Prop_ibuf_I_O)         1.388    11.388 r  clk_IBUF_inst/O
                         net (fo=1, routed)           1.862    13.250    clk_IBUF
    BUFGCTRL_X0Y0        BUFG (Prop_bufg_I_O)         0.091    13.341 r  clk_IBUF_BUFG_inst/O
                         net (fo=985, routed)         1.507    14.848    timer/clk_IBUF_BUFG
    SLICE_X62Y28         FDPE                                         r  timer/m0_reg[1]/C
                         clock pessimism              0.180    15.028    
                         clock uncertainty           -0.035    14.993    
    SLICE_X62Y28         FDPE (Recov_fdpe_C_PRE)     -0.534    14.459    timer/m0_reg[1]
  -------------------------------------------------------------------
                         required time                         14.459    
                         arrival time                          -9.181    
  -------------------------------------------------------------------
                         slack                                  5.278    

Slack (MET) :             5.373ns  (required time - arrival time)
  Source:                 reset_flag_reg/C
                            (rising edge-triggered cell FDSE clocked by sys_clk_pin  {rise@0.000ns fall@5.000ns period=10.000ns})
  Destination:            timer/m0_reg[2]/CLR
                            (recovery check against rising-edge clock sys_clk_pin  {rise@0.000ns fall@5.000ns period=10.000ns})
  Path Group:             **async_default**
  Path Type:              Recovery (Max at Slow Process Corner)
  Requirement:            10.000ns  (sys_clk_pin rise@10.000ns - sys_clk_pin rise@0.000ns)
  Data Path Delay:        3.985ns  (logic 0.419ns (10.514%)  route 3.566ns (89.486%))
  Logic Levels:           0  
  Clock Path Skew:        -0.027ns (DCD - SCD + CPR)
    Destination Clock Delay (DCD):    4.849ns = ( 14.849 - 10.000 ) 
    Source Clock Delay      (SCD):    5.056ns
    Clock Pessimism Removal (CPR):    0.180ns
  Clock Uncertainty:      0.035ns  ((TSJ^2 + TIJ^2)^1/2 + DJ) / 2 + PE
    Total System Jitter     (TSJ):    0.071ns
    Total Input Jitter      (TIJ):    0.000ns
    Discrete Jitter          (DJ):    0.000ns
    Phase Error              (PE):    0.000ns

    Location             Delay type                Incr(ns)  Path(ns)    Netlist Resource(s)
  -------------------------------------------------------------------    -------------------
                         (clock sys_clk_pin rise edge)
                                                      0.000     0.000 r  
    W5                                                0.000     0.000 r  clk (IN)
                         net (fo=0)                   0.000     0.000    clk
    W5                   IBUF (Prop_ibuf_I_O)         1.458     1.458 r  clk_IBUF_inst/O
                         net (fo=1, routed)           1.967     3.425    clk_IBUF
    BUFGCTRL_X0Y0        BUFG (Prop_bufg_I_O)         0.096     3.521 r  clk_IBUF_BUFG_inst/O
                         net (fo=985, routed)         1.535     5.056    clk_IBUF_BUFG
    SLICE_X31Y76         FDSE                                         r  reset_flag_reg/C
  -------------------------------------------------------------------    -------------------
    SLICE_X31Y76         FDSE (Prop_fdse_C_Q)         0.419     5.475 f  reset_flag_reg/Q
                         net (fo=142, routed)         3.566     9.041    timer/reset_flag_reg
    SLICE_X62Y29         FDCE                                         f  timer/m0_reg[2]/CLR
  -------------------------------------------------------------------    -------------------

                         (clock sys_clk_pin rise edge)
                                                     10.000    10.000 r  
    W5                                                0.000    10.000 r  clk (IN)
                         net (fo=0)                   0.000    10.000    clk
    W5                   IBUF (Prop_ibuf_I_O)         1.388    11.388 r  clk_IBUF_inst/O
                         net (fo=1, routed)           1.862    13.250    clk_IBUF
    BUFGCTRL_X0Y0        BUFG (Prop_bufg_I_O)         0.091    13.341 r  clk_IBUF_BUFG_inst/O
                         net (fo=985, routed)         1.508    14.849    timer/clk_IBUF_BUFG
    SLICE_X62Y29         FDCE                                         r  timer/m0_reg[2]/C
                         clock pessimism              0.180    15.029    
                         clock uncertainty           -0.035    14.994    
    SLICE_X62Y29         FDCE (Recov_fdce_C_CLR)     -0.580    14.414    timer/m0_reg[2]
  -------------------------------------------------------------------
                         required time                         14.414    
                         arrival time                          -9.041    
  -------------------------------------------------------------------
                         slack                                  5.373    

Slack (MET) :             5.377ns  (required time - arrival time)
  Source:                 reset_flag_reg/C
                            (rising edge-triggered cell FDSE clocked by sys_clk_pin  {rise@0.000ns fall@5.000ns period=10.000ns})
  Destination:            timer/m1_reg[0]/CLR
                            (recovery check against rising-edge clock sys_clk_pin  {rise@0.000ns fall@5.000ns period=10.000ns})
  Path Group:             **async_default**
  Path Type:              Recovery (Max at Slow Process Corner)
  Requirement:            10.000ns  (sys_clk_pin rise@10.000ns - sys_clk_pin rise@0.000ns)
  Data Path Delay:        3.981ns  (logic 0.419ns (10.525%)  route 3.562ns (89.475%))
  Logic Levels:           0  
  Clock Path Skew:        -0.027ns (DCD - SCD + CPR)
    Destination Clock Delay (DCD):    4.849ns = ( 14.849 - 10.000 ) 
    Source Clock Delay      (SCD):    5.056ns
    Clock Pessimism Removal (CPR):    0.180ns
  Clock Uncertainty:      0.035ns  ((TSJ^2 + TIJ^2)^1/2 + DJ) / 2 + PE
    Total System Jitter     (TSJ):    0.071ns
    Total Input Jitter      (TIJ):    0.000ns
    Discrete Jitter          (DJ):    0.000ns
    Phase Error              (PE):    0.000ns

    Location             Delay type                Incr(ns)  Path(ns)    Netlist Resource(s)
  -------------------------------------------------------------------    -------------------
                         (clock sys_clk_pin rise edge)
                                                      0.000     0.000 r  
    W5                                                0.000     0.000 r  clk (IN)
                         net (fo=0)                   0.000     0.000    clk
    W5                   IBUF (Prop_ibuf_I_O)         1.458     1.458 r  clk_IBUF_inst/O
                         net (fo=1, routed)           1.967     3.425    clk_IBUF
    BUFGCTRL_X0Y0        BUFG (Prop_bufg_I_O)         0.096     3.521 r  clk_IBUF_BUFG_inst/O
                         net (fo=985, routed)         1.535     5.056    clk_IBUF_BUFG
    SLICE_X31Y76         FDSE                                         r  reset_flag_reg/C
  -------------------------------------------------------------------    -------------------
    SLICE_X31Y76         FDSE (Prop_fdse_C_Q)         0.419     5.475 f  reset_flag_reg/Q
                         net (fo=142, routed)         3.562     9.037    timer/reset_flag_reg
    SLICE_X63Y29         FDCE                                         f  timer/m1_reg[0]/CLR
  -------------------------------------------------------------------    -------------------

                         (clock sys_clk_pin rise edge)
                                                     10.000    10.000 r  
    W5                                                0.000    10.000 r  clk (IN)
                         net (fo=0)                   0.000    10.000    clk
    W5                   IBUF (Prop_ibuf_I_O)         1.388    11.388 r  clk_IBUF_inst/O
                         net (fo=1, routed)           1.862    13.250    clk_IBUF
    BUFGCTRL_X0Y0        BUFG (Prop_bufg_I_O)         0.091    13.341 r  clk_IBUF_BUFG_inst/O
                         net (fo=985, routed)         1.508    14.849    timer/clk_IBUF_BUFG
    SLICE_X63Y29         FDCE                                         r  timer/m1_reg[0]/C
                         clock pessimism              0.180    15.029    
                         clock uncertainty           -0.035    14.994    
    SLICE_X63Y29         FDCE (Recov_fdce_C_CLR)     -0.580    14.414    timer/m1_reg[0]
  -------------------------------------------------------------------
                         required time                         14.414    
                         arrival time                          -9.037    
  -------------------------------------------------------------------
                         slack                                  5.377    

Slack (MET) :             5.377ns  (required time - arrival time)
  Source:                 reset_flag_reg/C
                            (rising edge-triggered cell FDSE clocked by sys_clk_pin  {rise@0.000ns fall@5.000ns period=10.000ns})
  Destination:            timer/m1_reg[1]/CLR
                            (recovery check against rising-edge clock sys_clk_pin  {rise@0.000ns fall@5.000ns period=10.000ns})
  Path Group:             **async_default**
  Path Type:              Recovery (Max at Slow Process Corner)
  Requirement:            10.000ns  (sys_clk_pin rise@10.000ns - sys_clk_pin rise@0.000ns)
  Data Path Delay:        3.981ns  (logic 0.419ns (10.525%)  route 3.562ns (89.475%))
  Logic Levels:           0  
  Clock Path Skew:        -0.027ns (DCD - SCD + CPR)
    Destination Clock Delay (DCD):    4.849ns = ( 14.849 - 10.000 ) 
    Source Clock Delay      (SCD):    5.056ns
    Clock Pessimism Removal (CPR):    0.180ns
  Clock Uncertainty:      0.035ns  ((TSJ^2 + TIJ^2)^1/2 + DJ) / 2 + PE
    Total System Jitter     (TSJ):    0.071ns
    Total Input Jitter      (TIJ):    0.000ns
    Discrete Jitter          (DJ):    0.000ns
    Phase Error              (PE):    0.000ns

    Location             Delay type                Incr(ns)  Path(ns)    Netlist Resource(s)
  -------------------------------------------------------------------    -------------------
                         (clock sys_clk_pin rise edge)
                                                      0.000     0.000 r  
    W5                                                0.000     0.000 r  clk (IN)
                         net (fo=0)                   0.000     0.000    clk
    W5                   IBUF (Prop_ibuf_I_O)         1.458     1.458 r  clk_IBUF_inst/O
                         net (fo=1, routed)           1.967     3.425    clk_IBUF
    BUFGCTRL_X0Y0        BUFG (Prop_bufg_I_O)         0.096     3.521 r  clk_IBUF_BUFG_inst/O
                         net (fo=985, routed)         1.535     5.056    clk_IBUF_BUFG
    SLICE_X31Y76         FDSE                                         r  reset_flag_reg/C
  -------------------------------------------------------------------    -------------------
    SLICE_X31Y76         FDSE (Prop_fdse_C_Q)         0.419     5.475 f  reset_flag_reg/Q
                         net (fo=142, routed)         3.562     9.037    timer/reset_flag_reg
    SLICE_X63Y29         FDCE                                         f  timer/m1_reg[1]/CLR
  -------------------------------------------------------------------    -------------------

                         (clock sys_clk_pin rise edge)
                                                     10.000    10.000 r  
    W5                                                0.000    10.000 r  clk (IN)
                         net (fo=0)                   0.000    10.000    clk
    W5                   IBUF (Prop_ibuf_I_O)         1.388    11.388 r  clk_IBUF_inst/O
                         net (fo=1, routed)           1.862    13.250    clk_IBUF
    BUFGCTRL_X0Y0        BUFG (Prop_bufg_I_O)         0.091    13.341 r  clk_IBUF_BUFG_inst/O
                         net (fo=985, routed)         1.508    14.849    timer/clk_IBUF_BUFG
    SLICE_X63Y29         FDCE                                         r  timer/m1_reg[1]/C
                         clock pessimism              0.180    15.029    
                         clock uncertainty           -0.035    14.994    
    SLICE_X63Y29         FDCE (Recov_fdce_C_CLR)     -0.580    14.414    timer/m1_reg[1]
  -------------------------------------------------------------------
                         required time                         14.414    
                         arrival time                          -9.037    
  -------------------------------------------------------------------
                         slack                                  5.377    

Slack (MET) :             5.377ns  (required time - arrival time)
  Source:                 reset_flag_reg/C
                            (rising edge-triggered cell FDSE clocked by sys_clk_pin  {rise@0.000ns fall@5.000ns period=10.000ns})
  Destination:            timer/m1_reg[2]/CLR
                            (recovery check against rising-edge clock sys_clk_pin  {rise@0.000ns fall@5.000ns period=10.000ns})
  Path Group:             **async_default**
  Path Type:              Recovery (Max at Slow Process Corner)
  Requirement:            10.000ns  (sys_clk_pin rise@10.000ns - sys_clk_pin rise@0.000ns)
  Data Path Delay:        3.981ns  (logic 0.419ns (10.525%)  route 3.562ns (89.475%))
  Logic Levels:           0  
  Clock Path Skew:        -0.027ns (DCD - SCD + CPR)
    Destination Clock Delay (DCD):    4.849ns = ( 14.849 - 10.000 ) 
    Source Clock Delay      (SCD):    5.056ns
    Clock Pessimism Removal (CPR):    0.180ns
  Clock Uncertainty:      0.035ns  ((TSJ^2 + TIJ^2)^1/2 + DJ) / 2 + PE
    Total System Jitter     (TSJ):    0.071ns
    Total Input Jitter      (TIJ):    0.000ns
    Discrete Jitter          (DJ):    0.000ns
    Phase Error              (PE):    0.000ns

    Location             Delay type                Incr(ns)  Path(ns)    Netlist Resource(s)
  -------------------------------------------------------------------    -------------------
                         (clock sys_clk_pin rise edge)
                                                      0.000     0.000 r  
    W5                                                0.000     0.000 r  clk (IN)
                         net (fo=0)                   0.000     0.000    clk
    W5                   IBUF (Prop_ibuf_I_O)         1.458     1.458 r  clk_IBUF_inst/O
                         net (fo=1, routed)           1.967     3.425    clk_IBUF
    BUFGCTRL_X0Y0        BUFG (Prop_bufg_I_O)         0.096     3.521 r  clk_IBUF_BUFG_inst/O
                         net (fo=985, routed)         1.535     5.056    clk_IBUF_BUFG
    SLICE_X31Y76         FDSE                                         r  reset_flag_reg/C
  -------------------------------------------------------------------    -------------------
    SLICE_X31Y76         FDSE (Prop_fdse_C_Q)         0.419     5.475 f  reset_flag_reg/Q
                         net (fo=142, routed)         3.562     9.037    timer/reset_flag_reg
    SLICE_X63Y29         FDCE                                         f  timer/m1_reg[2]/CLR
  -------------------------------------------------------------------    -------------------

                         (clock sys_clk_pin rise edge)
                                                     10.000    10.000 r  
    W5                                                0.000    10.000 r  clk (IN)
                         net (fo=0)                   0.000    10.000    clk
    W5                   IBUF (Prop_ibuf_I_O)         1.388    11.388 r  clk_IBUF_inst/O
                         net (fo=1, routed)           1.862    13.250    clk_IBUF
    BUFGCTRL_X0Y0        BUFG (Prop_bufg_I_O)         0.091    13.341 r  clk_IBUF_BUFG_inst/O
                         net (fo=985, routed)         1.508    14.849    timer/clk_IBUF_BUFG
    SLICE_X63Y29         FDCE                                         r  timer/m1_reg[2]/C
                         clock pessimism              0.180    15.029    
                         clock uncertainty           -0.035    14.994    
    SLICE_X63Y29         FDCE (Recov_fdce_C_CLR)     -0.580    14.414    timer/m1_reg[2]
  -------------------------------------------------------------------
                         required time                         14.414    
                         arrival time                          -9.037    
  -------------------------------------------------------------------
                         slack                                  5.377    





Min Delay Paths
--------------------------------------------------------------------------------------
Slack (MET) :             0.564ns  (arrival time - required time)
  Source:                 chen_wen_game/rst_reg/C
                            (rising edge-triggered cell FDRE clocked by sys_clk_pin  {rise@0.000ns fall@5.000ns period=10.000ns})
  Destination:            chen_wen_game/mouse/FSM_onehot_state_reg[5]/CLR
                            (removal check against rising-edge clock sys_clk_pin  {rise@0.000ns fall@5.000ns period=10.000ns})
  Path Group:             **async_default**
  Path Type:              Removal (Min at Fast Process Corner)
  Requirement:            0.000ns  (sys_clk_pin rise@0.000ns - sys_clk_pin rise@0.000ns)
  Data Path Delay:        0.563ns  (logic 0.141ns (25.051%)  route 0.422ns (74.949%))
  Logic Levels:           0  
  Clock Path Skew:        0.066ns (DCD - SCD - CPR)
    Destination Clock Delay (DCD):    1.982ns
    Source Clock Delay      (SCD):    1.438ns
    Clock Pessimism Removal (CPR):    0.478ns

    Location             Delay type                Incr(ns)  Path(ns)    Netlist Resource(s)
  -------------------------------------------------------------------    -------------------
                         (clock sys_clk_pin rise edge)
                                                      0.000     0.000 r  
    W5                                                0.000     0.000 r  clk (IN)
                         net (fo=0)                   0.000     0.000    clk
    W5                   IBUF (Prop_ibuf_I_O)         0.226     0.226 r  clk_IBUF_inst/O
                         net (fo=1, routed)           0.631     0.858    clk_IBUF
    BUFGCTRL_X0Y0        BUFG (Prop_bufg_I_O)         0.026     0.884 r  clk_IBUF_BUFG_inst/O
                         net (fo=985, routed)         0.555     1.438    chen_wen_game/clk_IBUF_BUFG
    SLICE_X11Y79         FDRE                                         r  chen_wen_game/rst_reg/C
  -------------------------------------------------------------------    -------------------
    SLICE_X11Y79         FDRE (Prop_fdre_C_Q)         0.141     1.579 f  chen_wen_game/rst_reg/Q
                         net (fo=91, routed)          0.422     2.001    chen_wen_game/mouse/rst
    SLICE_X2Y81          FDCE                                         f  chen_wen_game/mouse/FSM_onehot_state_reg[5]/CLR
  -------------------------------------------------------------------    -------------------

                         (clock sys_clk_pin rise edge)
                                                      0.000     0.000 r  
    W5                                                0.000     0.000 r  clk (IN)
                         net (fo=0)                   0.000     0.000    clk
    W5                   IBUF (Prop_ibuf_I_O)         0.414     0.414 r  clk_IBUF_inst/O
                         net (fo=1, routed)           0.685     1.099    clk_IBUF
    BUFGCTRL_X0Y0        BUFG (Prop_bufg_I_O)         0.029     1.128 r  clk_IBUF_BUFG_inst/O
                         net (fo=985, routed)         0.854     1.982    chen_wen_game/mouse/clk_IBUF_BUFG
    SLICE_X2Y81          FDCE                                         r  chen_wen_game/mouse/FSM_onehot_state_reg[5]/C
                         clock pessimism             -0.478     1.504    
    SLICE_X2Y81          FDCE (Remov_fdce_C_CLR)     -0.067     1.437    chen_wen_game/mouse/FSM_onehot_state_reg[5]
  -------------------------------------------------------------------
                         required time                         -1.437    
                         arrival time                           2.001    
  -------------------------------------------------------------------
                         slack                                  0.564    

Slack (MET) :             0.564ns  (arrival time - required time)
  Source:                 chen_wen_game/rst_reg/C
                            (rising edge-triggered cell FDRE clocked by sys_clk_pin  {rise@0.000ns fall@5.000ns period=10.000ns})
  Destination:            chen_wen_game/mouse/FSM_onehot_state_reg[6]/CLR
                            (removal check against rising-edge clock sys_clk_pin  {rise@0.000ns fall@5.000ns period=10.000ns})
  Path Group:             **async_default**
  Path Type:              Removal (Min at Fast Process Corner)
  Requirement:            0.000ns  (sys_clk_pin rise@0.000ns - sys_clk_pin rise@0.000ns)
  Data Path Delay:        0.563ns  (logic 0.141ns (25.051%)  route 0.422ns (74.949%))
  Logic Levels:           0  
  Clock Path Skew:        0.066ns (DCD - SCD - CPR)
    Destination Clock Delay (DCD):    1.982ns
    Source Clock Delay      (SCD):    1.438ns
    Clock Pessimism Removal (CPR):    0.478ns

    Location             Delay type                Incr(ns)  Path(ns)    Netlist Resource(s)
  -------------------------------------------------------------------    -------------------
                         (clock sys_clk_pin rise edge)
                                                      0.000     0.000 r  
    W5                                                0.000     0.000 r  clk (IN)
                         net (fo=0)                   0.000     0.000    clk
    W5                   IBUF (Prop_ibuf_I_O)         0.226     0.226 r  clk_IBUF_inst/O
                         net (fo=1, routed)           0.631     0.858    clk_IBUF
    BUFGCTRL_X0Y0        BUFG (Prop_bufg_I_O)         0.026     0.884 r  clk_IBUF_BUFG_inst/O
                         net (fo=985, routed)         0.555     1.438    chen_wen_game/clk_IBUF_BUFG
    SLICE_X11Y79         FDRE                                         r  chen_wen_game/rst_reg/C
  -------------------------------------------------------------------    -------------------
    SLICE_X11Y79         FDRE (Prop_fdre_C_Q)         0.141     1.579 f  chen_wen_game/rst_reg/Q
                         net (fo=91, routed)          0.422     2.001    chen_wen_game/mouse/rst
    SLICE_X2Y81          FDCE                                         f  chen_wen_game/mouse/FSM_onehot_state_reg[6]/CLR
  -------------------------------------------------------------------    -------------------

                         (clock sys_clk_pin rise edge)
                                                      0.000     0.000 r  
    W5                                                0.000     0.000 r  clk (IN)
                         net (fo=0)                   0.000     0.000    clk
    W5                   IBUF (Prop_ibuf_I_O)         0.414     0.414 r  clk_IBUF_inst/O
                         net (fo=1, routed)           0.685     1.099    clk_IBUF
    BUFGCTRL_X0Y0        BUFG (Prop_bufg_I_O)         0.029     1.128 r  clk_IBUF_BUFG_inst/O
                         net (fo=985, routed)         0.854     1.982    chen_wen_game/mouse/clk_IBUF_BUFG
    SLICE_X2Y81          FDCE                                         r  chen_wen_game/mouse/FSM_onehot_state_reg[6]/C
                         clock pessimism             -0.478     1.504    
    SLICE_X2Y81          FDCE (Remov_fdce_C_CLR)     -0.067     1.437    chen_wen_game/mouse/FSM_onehot_state_reg[6]
  -------------------------------------------------------------------
                         required time                         -1.437    
                         arrival time                           2.001    
  -------------------------------------------------------------------
                         slack                                  0.564    

Slack (MET) :             0.564ns  (arrival time - required time)
  Source:                 chen_wen_game/rst_reg/C
                            (rising edge-triggered cell FDRE clocked by sys_clk_pin  {rise@0.000ns fall@5.000ns period=10.000ns})
  Destination:            chen_wen_game/mouse/FSM_onehot_state_reg[7]/CLR
                            (removal check against rising-edge clock sys_clk_pin  {rise@0.000ns fall@5.000ns period=10.000ns})
  Path Group:             **async_default**
  Path Type:              Removal (Min at Fast Process Corner)
  Requirement:            0.000ns  (sys_clk_pin rise@0.000ns - sys_clk_pin rise@0.000ns)
  Data Path Delay:        0.563ns  (logic 0.141ns (25.051%)  route 0.422ns (74.949%))
  Logic Levels:           0  
  Clock Path Skew:        0.066ns (DCD - SCD - CPR)
    Destination Clock Delay (DCD):    1.982ns
    Source Clock Delay      (SCD):    1.438ns
    Clock Pessimism Removal (CPR):    0.478ns

    Location             Delay type                Incr(ns)  Path(ns)    Netlist Resource(s)
  -------------------------------------------------------------------    -------------------
                         (clock sys_clk_pin rise edge)
                                                      0.000     0.000 r  
    W5                                                0.000     0.000 r  clk (IN)
                         net (fo=0)                   0.000     0.000    clk
    W5                   IBUF (Prop_ibuf_I_O)         0.226     0.226 r  clk_IBUF_inst/O
                         net (fo=1, routed)           0.631     0.858    clk_IBUF
    BUFGCTRL_X0Y0        BUFG (Prop_bufg_I_O)         0.026     0.884 r  clk_IBUF_BUFG_inst/O
                         net (fo=985, routed)         0.555     1.438    chen_wen_game/clk_IBUF_BUFG
    SLICE_X11Y79         FDRE                                         r  chen_wen_game/rst_reg/C
  -------------------------------------------------------------------    -------------------
    SLICE_X11Y79         FDRE (Prop_fdre_C_Q)         0.141     1.579 f  chen_wen_game/rst_reg/Q
                         net (fo=91, routed)          0.422     2.001    chen_wen_game/mouse/rst
    SLICE_X2Y81          FDCE                                         f  chen_wen_game/mouse/FSM_onehot_state_reg[7]/CLR
  -------------------------------------------------------------------    -------------------

                         (clock sys_clk_pin rise edge)
                                                      0.000     0.000 r  
    W5                                                0.000     0.000 r  clk (IN)
                         net (fo=0)                   0.000     0.000    clk
    W5                   IBUF (Prop_ibuf_I_O)         0.414     0.414 r  clk_IBUF_inst/O
                         net (fo=1, routed)           0.685     1.099    clk_IBUF
    BUFGCTRL_X0Y0        BUFG (Prop_bufg_I_O)         0.029     1.128 r  clk_IBUF_BUFG_inst/O
                         net (fo=985, routed)         0.854     1.982    chen_wen_game/mouse/clk_IBUF_BUFG
    SLICE_X2Y81          FDCE                                         r  chen_wen_game/mouse/FSM_onehot_state_reg[7]/C
                         clock pessimism             -0.478     1.504    
    SLICE_X2Y81          FDCE (Remov_fdce_C_CLR)     -0.067     1.437    chen_wen_game/mouse/FSM_onehot_state_reg[7]
  -------------------------------------------------------------------
                         required time                         -1.437    
                         arrival time                           2.001    
  -------------------------------------------------------------------
                         slack                                  0.564    

Slack (MET) :             0.564ns  (arrival time - required time)
  Source:                 chen_wen_game/rst_reg/C
                            (rising edge-triggered cell FDRE clocked by sys_clk_pin  {rise@0.000ns fall@5.000ns period=10.000ns})
  Destination:            chen_wen_game/mouse/FSM_onehot_state_reg[8]/CLR
                            (removal check against rising-edge clock sys_clk_pin  {rise@0.000ns fall@5.000ns period=10.000ns})
  Path Group:             **async_default**
  Path Type:              Removal (Min at Fast Process Corner)
  Requirement:            0.000ns  (sys_clk_pin rise@0.000ns - sys_clk_pin rise@0.000ns)
  Data Path Delay:        0.563ns  (logic 0.141ns (25.051%)  route 0.422ns (74.949%))
  Logic Levels:           0  
  Clock Path Skew:        0.066ns (DCD - SCD - CPR)
    Destination Clock Delay (DCD):    1.982ns
    Source Clock Delay      (SCD):    1.438ns
    Clock Pessimism Removal (CPR):    0.478ns

    Location             Delay type                Incr(ns)  Path(ns)    Netlist Resource(s)
  -------------------------------------------------------------------    -------------------
                         (clock sys_clk_pin rise edge)
                                                      0.000     0.000 r  
    W5                                                0.000     0.000 r  clk (IN)
                         net (fo=0)                   0.000     0.000    clk
    W5                   IBUF (Prop_ibuf_I_O)         0.226     0.226 r  clk_IBUF_inst/O
                         net (fo=1, routed)           0.631     0.858    clk_IBUF
    BUFGCTRL_X0Y0        BUFG (Prop_bufg_I_O)         0.026     0.884 r  clk_IBUF_BUFG_inst/O
                         net (fo=985, routed)         0.555     1.438    chen_wen_game/clk_IBUF_BUFG
    SLICE_X11Y79         FDRE                                         r  chen_wen_game/rst_reg/C
  -------------------------------------------------------------------    -------------------
    SLICE_X11Y79         FDRE (Prop_fdre_C_Q)         0.141     1.579 f  chen_wen_game/rst_reg/Q
                         net (fo=91, routed)          0.422     2.001    chen_wen_game/mouse/rst
    SLICE_X2Y81          FDCE                                         f  chen_wen_game/mouse/FSM_onehot_state_reg[8]/CLR
  -------------------------------------------------------------------    -------------------

                         (clock sys_clk_pin rise edge)
                                                      0.000     0.000 r  
    W5                                                0.000     0.000 r  clk (IN)
                         net (fo=0)                   0.000     0.000    clk
    W5                   IBUF (Prop_ibuf_I_O)         0.414     0.414 r  clk_IBUF_inst/O
                         net (fo=1, routed)           0.685     1.099    clk_IBUF
    BUFGCTRL_X0Y0        BUFG (Prop_bufg_I_O)         0.029     1.128 r  clk_IBUF_BUFG_inst/O
                         net (fo=985, routed)         0.854     1.982    chen_wen_game/mouse/clk_IBUF_BUFG
    SLICE_X2Y81          FDCE                                         r  chen_wen_game/mouse/FSM_onehot_state_reg[8]/C
                         clock pessimism             -0.478     1.504    
    SLICE_X2Y81          FDCE (Remov_fdce_C_CLR)     -0.067     1.437    chen_wen_game/mouse/FSM_onehot_state_reg[8]
  -------------------------------------------------------------------
                         required time                         -1.437    
                         arrival time                           2.001    
  -------------------------------------------------------------------
                         slack                                  0.564    

Slack (MET) :             0.579ns  (arrival time - required time)
  Source:                 reset_flag_reg/C
                            (rising edge-triggered cell FDSE clocked by sys_clk_pin  {rise@0.000ns fall@5.000ns period=10.000ns})
  Destination:            hedley_game/lockout_timer_reg[19]/CLR
                            (removal check against rising-edge clock sys_clk_pin  {rise@0.000ns fall@5.000ns period=10.000ns})
  Path Group:             **async_default**
  Path Type:              Removal (Min at Fast Process Corner)
  Requirement:            0.000ns  (sys_clk_pin rise@0.000ns - sys_clk_pin rise@0.000ns)
  Data Path Delay:        0.724ns  (logic 0.128ns (17.675%)  route 0.596ns (82.325%))
  Logic Levels:           0  
  Clock Path Skew:        0.266ns (DCD - SCD - CPR)
    Destination Clock Delay (DCD):    1.947ns
    Source Clock Delay      (SCD):    1.432ns
    Clock Pessimism Removal (CPR):    0.249ns

    Location             Delay type                Incr(ns)  Path(ns)    Netlist Resource(s)
  -------------------------------------------------------------------    -------------------
                         (clock sys_clk_pin rise edge)
                                                      0.000     0.000 r  
    W5                                                0.000     0.000 r  clk (IN)
                         net (fo=0)                   0.000     0.000    clk
    W5                   IBUF (Prop_ibuf_I_O)         0.226     0.226 r  clk_IBUF_inst/O
                         net (fo=1, routed)           0.631     0.858    clk_IBUF
    BUFGCTRL_X0Y0        BUFG (Prop_bufg_I_O)         0.026     0.884 r  clk_IBUF_BUFG_inst/O
                         net (fo=985, routed)         0.549     1.432    clk_IBUF_BUFG
    SLICE_X31Y76         FDSE                                         r  reset_flag_reg/C
  -------------------------------------------------------------------    -------------------
    SLICE_X31Y76         FDSE (Prop_fdse_C_Q)         0.128     1.560 f  reset_flag_reg/Q
                         net (fo=142, routed)         0.596     2.156    hedley_game/reset_flag_reg
    SLICE_X38Y80         FDCE                                         f  hedley_game/lockout_timer_reg[19]/CLR
  -------------------------------------------------------------------    -------------------

                         (clock sys_clk_pin rise edge)
                                                      0.000     0.000 r  
    W5                                                0.000     0.000 r  clk (IN)
                         net (fo=0)                   0.000     0.000    clk
    W5                   IBUF (Prop_ibuf_I_O)         0.414     0.414 r  clk_IBUF_inst/O
                         net (fo=1, routed)           0.685     1.099    clk_IBUF
    BUFGCTRL_X0Y0        BUFG (Prop_bufg_I_O)         0.029     1.128 r  clk_IBUF_BUFG_inst/O
                         net (fo=985, routed)         0.819     1.947    hedley_game/clk_IBUF_BUFG
    SLICE_X38Y80         FDCE                                         r  hedley_game/lockout_timer_reg[19]/C
                         clock pessimism             -0.249     1.698    
    SLICE_X38Y80         FDCE (Remov_fdce_C_CLR)     -0.121     1.577    hedley_game/lockout_timer_reg[19]
  -------------------------------------------------------------------
                         required time                         -1.577    
                         arrival time                           2.156    
  -------------------------------------------------------------------
                         slack                                  0.579    

Slack (MET) :             0.579ns  (arrival time - required time)
  Source:                 reset_flag_reg/C
                            (rising edge-triggered cell FDSE clocked by sys_clk_pin  {rise@0.000ns fall@5.000ns period=10.000ns})
  Destination:            hedley_game/lockout_timer_reg[21]/CLR
                            (removal check against rising-edge clock sys_clk_pin  {rise@0.000ns fall@5.000ns period=10.000ns})
  Path Group:             **async_default**
  Path Type:              Removal (Min at Fast Process Corner)
  Requirement:            0.000ns  (sys_clk_pin rise@0.000ns - sys_clk_pin rise@0.000ns)
  Data Path Delay:        0.724ns  (logic 0.128ns (17.675%)  route 0.596ns (82.325%))
  Logic Levels:           0  
  Clock Path Skew:        0.266ns (DCD - SCD - CPR)
    Destination Clock Delay (DCD):    1.947ns
    Source Clock Delay      (SCD):    1.432ns
    Clock Pessimism Removal (CPR):    0.249ns

    Location             Delay type                Incr(ns)  Path(ns)    Netlist Resource(s)
  -------------------------------------------------------------------    -------------------
                         (clock sys_clk_pin rise edge)
                                                      0.000     0.000 r  
    W5                                                0.000     0.000 r  clk (IN)
                         net (fo=0)                   0.000     0.000    clk
    W5                   IBUF (Prop_ibuf_I_O)         0.226     0.226 r  clk_IBUF_inst/O
                         net (fo=1, routed)           0.631     0.858    clk_IBUF
    BUFGCTRL_X0Y0        BUFG (Prop_bufg_I_O)         0.026     0.884 r  clk_IBUF_BUFG_inst/O
                         net (fo=985, routed)         0.549     1.432    clk_IBUF_BUFG
    SLICE_X31Y76         FDSE                                         r  reset_flag_reg/C
  -------------------------------------------------------------------    -------------------
    SLICE_X31Y76         FDSE (Prop_fdse_C_Q)         0.128     1.560 f  reset_flag_reg/Q
                         net (fo=142, routed)         0.596     2.156    hedley_game/reset_flag_reg
    SLICE_X38Y80         FDCE                                         f  hedley_game/lockout_timer_reg[21]/CLR
  -------------------------------------------------------------------    -------------------

                         (clock sys_clk_pin rise edge)
                                                      0.000     0.000 r  
    W5                                                0.000     0.000 r  clk (IN)
                         net (fo=0)                   0.000     0.000    clk
    W5                   IBUF (Prop_ibuf_I_O)         0.414     0.414 r  clk_IBUF_inst/O
                         net (fo=1, routed)           0.685     1.099    clk_IBUF
    BUFGCTRL_X0Y0        BUFG (Prop_bufg_I_O)         0.029     1.128 r  clk_IBUF_BUFG_inst/O
                         net (fo=985, routed)         0.819     1.947    hedley_game/clk_IBUF_BUFG
    SLICE_X38Y80         FDCE                                         r  hedley_game/lockout_timer_reg[21]/C
                         clock pessimism             -0.249     1.698    
    SLICE_X38Y80         FDCE (Remov_fdce_C_CLR)     -0.121     1.577    hedley_game/lockout_timer_reg[21]
  -------------------------------------------------------------------
                         required time                         -1.577    
                         arrival time                           2.156    
  -------------------------------------------------------------------
                         slack                                  0.579    

Slack (MET) :             0.579ns  (arrival time - required time)
  Source:                 reset_flag_reg/C
                            (rising edge-triggered cell FDSE clocked by sys_clk_pin  {rise@0.000ns fall@5.000ns period=10.000ns})
  Destination:            hedley_game/lockout_timer_reg[6]/CLR
                            (removal check against rising-edge clock sys_clk_pin  {rise@0.000ns fall@5.000ns period=10.000ns})
  Path Group:             **async_default**
  Path Type:              Removal (Min at Fast Process Corner)
  Requirement:            0.000ns  (sys_clk_pin rise@0.000ns - sys_clk_pin rise@0.000ns)
  Data Path Delay:        0.724ns  (logic 0.128ns (17.675%)  route 0.596ns (82.325%))
  Logic Levels:           0  
  Clock Path Skew:        0.266ns (DCD - SCD - CPR)
    Destination Clock Delay (DCD):    1.947ns
    Source Clock Delay      (SCD):    1.432ns
    Clock Pessimism Removal (CPR):    0.249ns

    Location             Delay type                Incr(ns)  Path(ns)    Netlist Resource(s)
  -------------------------------------------------------------------    -------------------
                         (clock sys_clk_pin rise edge)
                                                      0.000     0.000 r  
    W5                                                0.000     0.000 r  clk (IN)
                         net (fo=0)                   0.000     0.000    clk
    W5                   IBUF (Prop_ibuf_I_O)         0.226     0.226 r  clk_IBUF_inst/O
                         net (fo=1, routed)           0.631     0.858    clk_IBUF
    BUFGCTRL_X0Y0        BUFG (Prop_bufg_I_O)         0.026     0.884 r  clk_IBUF_BUFG_inst/O
                         net (fo=985, routed)         0.549     1.432    clk_IBUF_BUFG
    SLICE_X31Y76         FDSE                                         r  reset_flag_reg/C
  -------------------------------------------------------------------    -------------------
    SLICE_X31Y76         FDSE (Prop_fdse_C_Q)         0.128     1.560 f  reset_flag_reg/Q
                         net (fo=142, routed)         0.596     2.156    hedley_game/reset_flag_reg
    SLICE_X38Y80         FDCE                                         f  hedley_game/lockout_timer_reg[6]/CLR
  -------------------------------------------------------------------    -------------------

                         (clock sys_clk_pin rise edge)
                                                      0.000     0.000 r  
    W5                                                0.000     0.000 r  clk (IN)
                         net (fo=0)                   0.000     0.000    clk
    W5                   IBUF (Prop_ibuf_I_O)         0.414     0.414 r  clk_IBUF_inst/O
                         net (fo=1, routed)           0.685     1.099    clk_IBUF
    BUFGCTRL_X0Y0        BUFG (Prop_bufg_I_O)         0.029     1.128 r  clk_IBUF_BUFG_inst/O
                         net (fo=985, routed)         0.819     1.947    hedley_game/clk_IBUF_BUFG
    SLICE_X38Y80         FDCE                                         r  hedley_game/lockout_timer_reg[6]/C
                         clock pessimism             -0.249     1.698    
    SLICE_X38Y80         FDCE (Remov_fdce_C_CLR)     -0.121     1.577    hedley_game/lockout_timer_reg[6]
  -------------------------------------------------------------------
                         required time                         -1.577    
                         arrival time                           2.156    
  -------------------------------------------------------------------
                         slack                                  0.579    

Slack (MET) :             0.579ns  (arrival time - required time)
  Source:                 reset_flag_reg/C
                            (rising edge-triggered cell FDSE clocked by sys_clk_pin  {rise@0.000ns fall@5.000ns period=10.000ns})
  Destination:            hedley_game/lockout_timer_reg[9]/CLR
                            (removal check against rising-edge clock sys_clk_pin  {rise@0.000ns fall@5.000ns period=10.000ns})
  Path Group:             **async_default**
  Path Type:              Removal (Min at Fast Process Corner)
  Requirement:            0.000ns  (sys_clk_pin rise@0.000ns - sys_clk_pin rise@0.000ns)
  Data Path Delay:        0.724ns  (logic 0.128ns (17.675%)  route 0.596ns (82.325%))
  Logic Levels:           0  
  Clock Path Skew:        0.266ns (DCD - SCD - CPR)
    Destination Clock Delay (DCD):    1.947ns
    Source Clock Delay      (SCD):    1.432ns
    Clock Pessimism Removal (CPR):    0.249ns

    Location             Delay type                Incr(ns)  Path(ns)    Netlist Resource(s)
  -------------------------------------------------------------------    -------------------
                         (clock sys_clk_pin rise edge)
                                                      0.000     0.000 r  
    W5                                                0.000     0.000 r  clk (IN)
                         net (fo=0)                   0.000     0.000    clk
    W5                   IBUF (Prop_ibuf_I_O)         0.226     0.226 r  clk_IBUF_inst/O
                         net (fo=1, routed)           0.631     0.858    clk_IBUF
    BUFGCTRL_X0Y0        BUFG (Prop_bufg_I_O)         0.026     0.884 r  clk_IBUF_BUFG_inst/O
                         net (fo=985, routed)         0.549     1.432    clk_IBUF_BUFG
    SLICE_X31Y76         FDSE                                         r  reset_flag_reg/C
  -------------------------------------------------------------------    -------------------
    SLICE_X31Y76         FDSE (Prop_fdse_C_Q)         0.128     1.560 f  reset_flag_reg/Q
                         net (fo=142, routed)         0.596     2.156    hedley_game/reset_flag_reg
    SLICE_X38Y80         FDCE                                         f  hedley_game/lockout_timer_reg[9]/CLR
  -------------------------------------------------------------------    -------------------

                         (clock sys_clk_pin rise edge)
                                                      0.000     0.000 r  
    W5                                                0.000     0.000 r  clk (IN)
                         net (fo=0)                   0.000     0.000    clk
    W5                   IBUF (Prop_ibuf_I_O)         0.414     0.414 r  clk_IBUF_inst/O
                         net (fo=1, routed)           0.685     1.099    clk_IBUF
    BUFGCTRL_X0Y0        BUFG (Prop_bufg_I_O)         0.029     1.128 r  clk_IBUF_BUFG_inst/O
                         net (fo=985, routed)         0.819     1.947    hedley_game/clk_IBUF_BUFG
    SLICE_X38Y80         FDCE                                         r  hedley_game/lockout_timer_reg[9]/C
                         clock pessimism             -0.249     1.698    
    SLICE_X38Y80         FDCE (Remov_fdce_C_CLR)     -0.121     1.577    hedley_game/lockout_timer_reg[9]
  -------------------------------------------------------------------
                         required time                         -1.577    
                         arrival time                           2.156    
  -------------------------------------------------------------------
                         slack                                  0.579    

Slack (MET) :             0.609ns  (arrival time - required time)
  Source:                 reset_flag_reg/C
                            (rising edge-triggered cell FDSE clocked by sys_clk_pin  {rise@0.000ns fall@5.000ns period=10.000ns})
  Destination:            hedley_game/init_done_reg/CLR
                            (removal check against rising-edge clock sys_clk_pin  {rise@0.000ns fall@5.000ns period=10.000ns})
  Path Group:             **async_default**
  Path Type:              Removal (Min at Fast Process Corner)
  Requirement:            0.000ns  (sys_clk_pin rise@0.000ns - sys_clk_pin rise@0.000ns)
  Data Path Delay:        0.729ns  (logic 0.128ns (17.557%)  route 0.601ns (82.443%))
  Logic Levels:           0  
  Clock Path Skew:        0.266ns (DCD - SCD - CPR)
    Destination Clock Delay (DCD):    1.947ns
    Source Clock Delay      (SCD):    1.432ns
    Clock Pessimism Removal (CPR):    0.249ns

    Location             Delay type                Incr(ns)  Path(ns)    Netlist Resource(s)
  -------------------------------------------------------------------    -------------------
                         (clock sys_clk_pin rise edge)
                                                      0.000     0.000 r  
    W5                                                0.000     0.000 r  clk (IN)
                         net (fo=0)                   0.000     0.000    clk
    W5                   IBUF (Prop_ibuf_I_O)         0.226     0.226 r  clk_IBUF_inst/O
                         net (fo=1, routed)           0.631     0.858    clk_IBUF
    BUFGCTRL_X0Y0        BUFG (Prop_bufg_I_O)         0.026     0.884 r  clk_IBUF_BUFG_inst/O
                         net (fo=985, routed)         0.549     1.432    clk_IBUF_BUFG
    SLICE_X31Y76         FDSE                                         r  reset_flag_reg/C
  -------------------------------------------------------------------    -------------------
    SLICE_X31Y76         FDSE (Prop_fdse_C_Q)         0.128     1.560 f  reset_flag_reg/Q
                         net (fo=142, routed)         0.601     2.161    hedley_game/reset_flag_reg
    SLICE_X36Y80         FDCE                                         f  hedley_game/init_done_reg/CLR
  -------------------------------------------------------------------    -------------------

                         (clock sys_clk_pin rise edge)
                                                      0.000     0.000 r  
    W5                                                0.000     0.000 r  clk (IN)
                         net (fo=0)                   0.000     0.000    clk
    W5                   IBUF (Prop_ibuf_I_O)         0.414     0.414 r  clk_IBUF_inst/O
                         net (fo=1, routed)           0.685     1.099    clk_IBUF
    BUFGCTRL_X0Y0        BUFG (Prop_bufg_I_O)         0.029     1.128 r  clk_IBUF_BUFG_inst/O
                         net (fo=985, routed)         0.819     1.947    hedley_game/clk_IBUF_BUFG
    SLICE_X36Y80         FDCE                                         r  hedley_game/init_done_reg/C
                         clock pessimism             -0.249     1.698    
    SLICE_X36Y80         FDCE (Remov_fdce_C_CLR)     -0.146     1.552    hedley_game/init_done_reg
  -------------------------------------------------------------------
                         required time                         -1.552    
                         arrival time                           2.161    
  -------------------------------------------------------------------
                         slack                                  0.609    

Slack (MET) :             0.635ns  (arrival time - required time)
  Source:                 chen_wen_game/rst_reg/C
                            (rising edge-triggered cell FDRE clocked by sys_clk_pin  {rise@0.000ns fall@5.000ns period=10.000ns})
  Destination:            chen_wen_game/mouse/y_new_reg/CLR
                            (removal check against rising-edge clock sys_clk_pin  {rise@0.000ns fall@5.000ns period=10.000ns})
  Path Group:             **async_default**
  Path Type:              Removal (Min at Fast Process Corner)
  Requirement:            0.000ns  (sys_clk_pin rise@0.000ns - sys_clk_pin rise@0.000ns)
  Data Path Delay:        0.632ns  (logic 0.141ns (22.324%)  route 0.491ns (77.676%))
  Logic Levels:           0  
  Clock Path Skew:        0.064ns (DCD - SCD - CPR)
    Destination Clock Delay (DCD):    1.980ns
    Source Clock Delay      (SCD):    1.438ns
    Clock Pessimism Removal (CPR):    0.478ns

    Location             Delay type                Incr(ns)  Path(ns)    Netlist Resource(s)
  -------------------------------------------------------------------    -------------------
                         (clock sys_clk_pin rise edge)
                                                      0.000     0.000 r  
    W5                                                0.000     0.000 r  clk (IN)
                         net (fo=0)                   0.000     0.000    clk
    W5                   IBUF (Prop_ibuf_I_O)         0.226     0.226 r  clk_IBUF_inst/O
                         net (fo=1, routed)           0.631     0.858    clk_IBUF
    BUFGCTRL_X0Y0        BUFG (Prop_bufg_I_O)         0.026     0.884 r  clk_IBUF_BUFG_inst/O
                         net (fo=985, routed)         0.555     1.438    chen_wen_game/clk_IBUF_BUFG
    SLICE_X11Y79         FDRE                                         r  chen_wen_game/rst_reg/C
  -------------------------------------------------------------------    -------------------
    SLICE_X11Y79         FDRE (Prop_fdre_C_Q)         0.141     1.579 f  chen_wen_game/rst_reg/Q
                         net (fo=91, routed)          0.491     2.070    chen_wen_game/mouse/rst
    SLICE_X6Y81          FDCE                                         f  chen_wen_game/mouse/y_new_reg/CLR
  -------------------------------------------------------------------    -------------------

                         (clock sys_clk_pin rise edge)
                                                      0.000     0.000 r  
    W5                                                0.000     0.000 r  clk (IN)
                         net (fo=0)                   0.000     0.000    clk
    W5                   IBUF (Prop_ibuf_I_O)         0.414     0.414 r  clk_IBUF_inst/O
                         net (fo=1, routed)           0.685     1.099    clk_IBUF
    BUFGCTRL_X0Y0        BUFG (Prop_bufg_I_O)         0.029     1.128 r  clk_IBUF_BUFG_inst/O
                         net (fo=985, routed)         0.853     1.980    chen_wen_game/mouse/clk_IBUF_BUFG
    SLICE_X6Y81          FDCE                                         r  chen_wen_game/mouse/y_new_reg/C
                         clock pessimism             -0.478     1.502    
    SLICE_X6Y81          FDCE (Remov_fdce_C_CLR)     -0.067     1.435    chen_wen_game/mouse/y_new_reg
  -------------------------------------------------------------------
                         required time                         -1.435    
                         arrival time                           2.070    
  -------------------------------------------------------------------
                         slack                                  0.635    





