Copyright 1986-2018 Xilinx, Inc. All Rights Reserved.
--------------------------------------------------------------------------------------------------------------------------------------------------------------------------------------------------------
| Tool Version : Vivado v.2018.2 (win64) Build 2258646 Thu Jun 14 20:03:12 MDT 2018
| Date         : Mon Mar 16 21:40:55 2026
| Host         : DESKTOP-UA3OGHR running 64-bit major release  (build 9200)
| Command      : report_timing_summary -max_paths 10 -file Top_Student_timing_summary_routed.rpt -pb Top_Student_timing_summary_routed.pb -rpx Top_Student_timing_summary_routed.rpx -warn_on_violation
| Design       : Top_Student
| Device       : 7a35t-cpg236
| Speed File   : -1  PRODUCTION 1.22 2018-03-21
--------------------------------------------------------------------------------------------------------------------------------------------------------------------------------------------------------

Timing Summary Report

------------------------------------------------------------------------------------------------
| Timer Settings
| --------------
------------------------------------------------------------------------------------------------

  Enable Multi Corner Analysis               :  Yes
  Enable Pessimism Removal                   :  Yes
  Pessimism Removal Resolution               :  Nearest Common Node
  Enable Input Delay Default Clock           :  No
  Enable Preset / Clear Arcs                 :  No
  Disable Flight Delays                      :  No
  Ignore I/O Paths                           :  No
  Timing Early Launch at Borrowing Latches   :  false

  Corner  Analyze    Analyze    
  Name    Max Paths  Min Paths  
  ------  ---------  ---------  
  Slow    Yes        Yes        
  Fast    Yes        Yes        



check_timing report

Table of Contents
-----------------
1. checking no_clock
2. checking constant_clock
3. checking pulse_width_clock
4. checking unconstrained_internal_endpoints
5. checking no_input_delay
6. checking no_output_delay
7. checking multiple_clock
8. checking generated_clocks
9. checking loops
10. checking partial_input_delay
11. checking partial_output_delay
12. checking latch_loops

1. checking no_clock
--------------------
 There are 2 register/latch pins with no clock driven by root clock pin: btnC (HIGH)

 There are 115 register/latch pins with no clock driven by root clock pin: clk6p25m_reg/Q (HIGH)

 There are 2 register/latch pins with no clock driven by root clock pin: screen1/begin_flag_reg/Q (HIGH)

 There are 2 register/latch pins with no clock driven by root clock pin: timer/m0_reg[0]/Q (HIGH)

 There are 2 register/latch pins with no clock driven by root clock pin: timer/m0_reg[1]/Q (HIGH)

 There are 2 register/latch pins with no clock driven by root clock pin: timer/m0_reg[2]/Q (HIGH)

 There are 2 register/latch pins with no clock driven by root clock pin: timer/m0_reg[3]/Q (HIGH)

 There are 2 register/latch pins with no clock driven by root clock pin: timer/m1_reg[0]/Q (HIGH)

 There are 2 register/latch pins with no clock driven by root clock pin: timer/m1_reg[1]/Q (HIGH)

 There are 2 register/latch pins with no clock driven by root clock pin: timer/m1_reg[2]/Q (HIGH)

 There are 2 register/latch pins with no clock driven by root clock pin: timer/m1_reg[3]/Q (HIGH)

 There are 2 register/latch pins with no clock driven by root clock pin: timer/s0_reg[0]/Q (HIGH)

 There are 2 register/latch pins with no clock driven by root clock pin: timer/s0_reg[1]/Q (HIGH)

 There are 2 register/latch pins with no clock driven by root clock pin: timer/s0_reg[2]/Q (HIGH)

 There are 2 register/latch pins with no clock driven by root clock pin: timer/s0_reg[3]/Q (HIGH)

 There are 2 register/latch pins with no clock driven by root clock pin: timer/s1_reg[0]/Q (HIGH)

 There are 2 register/latch pins with no clock driven by root clock pin: timer/s1_reg[1]/Q (HIGH)

 There are 2 register/latch pins with no clock driven by root clock pin: timer/s1_reg[2]/Q (HIGH)


2. checking constant_clock
--------------------------
 There are 0 register/latch pins with constant_clock.


3. checking pulse_width_clock
-----------------------------
 There are 0 register/latch pins which need pulse_width check


4. checking unconstrained_internal_endpoints
--------------------------------------------
 There are 231 pins that are not constrained for maximum delay. (HIGH)

 There are 0 pins that are not constrained for maximum delay due to constant clock.


5. checking no_input_delay
--------------------------
 There are 5 input ports with no input delay specified. (HIGH)

 There are 0 input ports with no input delay but user has a false path constraint.


6. checking no_output_delay
---------------------------
 There are 22 ports with no output delay specified. (HIGH)

 There are 0 ports with no output delay but user has a false path constraint

 There are 0 ports with no output delay but with a timing clock defined on it or propagating through it


7. checking multiple_clock
--------------------------
 There are 0 register/latch pins with multiple clocks.


8. checking generated_clocks
----------------------------
 There are 0 generated clocks that are not connected to a clock source.


9. checking loops
-----------------
 There are 0 combinational loops in the design.


10. checking partial_input_delay
--------------------------------
 There are 0 input ports with partial input delay specified.


11. checking partial_output_delay
---------------------------------
 There are 0 ports with partial output delay specified.


12. checking latch_loops
------------------------
 There are 2 combinational latch loops in the design through latch input (HIGH)



------------------------------------------------------------------------------------------------
| Design Timing Summary
| ---------------------
------------------------------------------------------------------------------------------------

    WNS(ns)      TNS(ns)  TNS Failing Endpoints  TNS Total Endpoints      WHS(ns)      THS(ns)  THS Failing Endpoints  THS Total Endpoints     WPWS(ns)     TPWS(ns)  TPWS Failing Endpoints  TPWS Total Endpoints  
    -------      -------  ---------------------  -------------------      -------      -------  ---------------------  -------------------     --------     --------  ----------------------  --------------------  
      2.663        0.000                      0                  419        0.176        0.000                      0                  419        4.020        0.000                       0                   202  


All user specified timing constraints are met.


------------------------------------------------------------------------------------------------
| Clock Summary
| -------------
------------------------------------------------------------------------------------------------

Clock        Waveform(ns)       Period(ns)      Frequency(MHz)
-----        ------------       ----------      --------------
sys_clk_pin  {0.000 5.000}      10.000          100.000         


------------------------------------------------------------------------------------------------
| Intra Clock Table
| -----------------
------------------------------------------------------------------------------------------------

Clock             WNS(ns)      TNS(ns)  TNS Failing Endpoints  TNS Total Endpoints      WHS(ns)      THS(ns)  THS Failing Endpoints  THS Total Endpoints     WPWS(ns)     TPWS(ns)  TPWS Failing Endpoints  TPWS Total Endpoints  
-----             -------      -------  ---------------------  -------------------      -------      -------  ---------------------  -------------------     --------     --------  ----------------------  --------------------  
sys_clk_pin         2.663        0.000                      0                  419        0.176        0.000                      0                  419        4.020        0.000                       0                   202  


------------------------------------------------------------------------------------------------
| Inter Clock Table
| -----------------
------------------------------------------------------------------------------------------------

From Clock    To Clock          WNS(ns)      TNS(ns)  TNS Failing Endpoints  TNS Total Endpoints      WHS(ns)      THS(ns)  THS Failing Endpoints  THS Total Endpoints  
----------    --------          -------      -------  ---------------------  -------------------      -------      -------  ---------------------  -------------------  


------------------------------------------------------------------------------------------------
| Other Path Groups Table
| -----------------------
------------------------------------------------------------------------------------------------

Path Group    From Clock    To Clock          WNS(ns)      TNS(ns)  TNS Failing Endpoints  TNS Total Endpoints      WHS(ns)      THS(ns)  THS Failing Endpoints  THS Total Endpoints  
----------    ----------    --------          -------      -------  ---------------------  -------------------      -------      -------  ---------------------  -------------------  


------------------------------------------------------------------------------------------------
| Timing Details
| --------------
------------------------------------------------------------------------------------------------


---------------------------------------------------------------------------------------------------
From Clock:  sys_clk_pin
  To Clock:  sys_clk_pin

Setup :            0  Failing Endpoints,  Worst Slack        2.663ns,  Total Violation        0.000ns
Hold  :            0  Failing Endpoints,  Worst Slack        0.176ns,  Total Violation        0.000ns
PW    :            0  Failing Endpoints,  Worst Slack        4.020ns,  Total Violation        0.000ns
---------------------------------------------------------------------------------------------------


Max Delay Paths
--------------------------------------------------------------------------------------
Slack (MET) :             2.663ns  (required time - arrival time)
  Source:                 timer/m0_reg[3]/C
                            (rising edge-triggered cell FDRE clocked by sys_clk_pin  {rise@0.000ns fall@5.000ns period=10.000ns})
  Destination:            timer/m1_reg[0]/CE
                            (rising edge-triggered cell FDRE clocked by sys_clk_pin  {rise@0.000ns fall@5.000ns period=10.000ns})
  Path Group:             sys_clk_pin
  Path Type:              Setup (Max at Slow Process Corner)
  Requirement:            10.000ns  (sys_clk_pin rise@10.000ns - sys_clk_pin rise@0.000ns)
  Data Path Delay:        7.112ns  (logic 2.020ns (28.404%)  route 5.092ns (71.596%))
  Logic Levels:           6  (LUT4=1 LUT5=3 LUT6=2)
  Clock Path Skew:        -0.021ns (DCD - SCD + CPR)
    Destination Clock Delay (DCD):    4.779ns = ( 14.779 - 10.000 ) 
    Source Clock Delay      (SCD):    5.074ns
    Clock Pessimism Removal (CPR):    0.274ns
  Clock Uncertainty:      0.035ns  ((TSJ^2 + TIJ^2)^1/2 + DJ) / 2 + PE
    Total System Jitter     (TSJ):    0.071ns
    Total Input Jitter      (TIJ):    0.000ns
    Discrete Jitter          (DJ):    0.000ns
    Phase Error              (PE):    0.000ns

    Location             Delay type                Incr(ns)  Path(ns)    Netlist Resource(s)
  -------------------------------------------------------------------    -------------------
                         (clock sys_clk_pin rise edge)
                                                      0.000     0.000 r  
    W5                                                0.000     0.000 r  clk (IN)
                         net (fo=0)                   0.000     0.000    clk
    W5                   IBUF (Prop_ibuf_I_O)         1.458     1.458 r  clk_IBUF_inst/O
                         net (fo=1, routed)           1.967     3.425    clk_IBUF
    BUFGCTRL_X0Y0        BUFG (Prop_bufg_I_O)         0.096     3.521 r  clk_IBUF_BUFG_inst/O
                         net (fo=201, routed)         1.553     5.074    timer/clk_IBUF_BUFG
    SLICE_X53Y26         FDRE                                         r  timer/m0_reg[3]/C
  -------------------------------------------------------------------    -------------------
    SLICE_X53Y26         FDRE (Prop_fdre_C_Q)         0.419     5.493 r  timer/m0_reg[3]/Q
                         net (fo=5, routed)           0.680     6.174    timer/m0_reg_n_0_[3]
    SLICE_X53Y26         LUT4 (Prop_lut4_I0_O)        0.327     6.501 r  timer/m1[3]_i_3/O
                         net (fo=2, routed)           0.603     7.104    timer/m1[3]_i_3_n_0
    SLICE_X52Y27         LUT6 (Prop_lut6_I5_O)        0.332     7.436 f  timer/player_health_reg[1]_i_4/O
                         net (fo=3, routed)           0.629     8.064    timer/player_health_reg[1]_i_4_n_0
    SLICE_X51Y26         LUT5 (Prop_lut5_I0_O)        0.118     8.182 f  timer/player_health_reg[1]_i_3/O
                         net (fo=13, routed)          1.056     9.238    timer/blast_duration_reg[25]_0
    SLICE_X46Y28         LUT6 (Prop_lut6_I1_O)        0.326     9.564 r  timer/s0[3]_i_3/O
                         net (fo=32, routed)          0.862    10.426    timer/s0[3]_i_1_n_0
    SLICE_X52Y26         LUT5 (Prop_lut5_I4_O)        0.150    10.576 r  timer/s1[2]_i_2/O
                         net (fo=5, routed)           0.662    11.238    timer/s1[2]_i_2_n_0
    SLICE_X52Y27         LUT5 (Prop_lut5_I0_O)        0.348    11.586 r  timer/m1[3]_i_1/O
                         net (fo=4, routed)           0.600    12.186    timer/m1
    SLICE_X52Y27         FDRE                                         r  timer/m1_reg[0]/CE
  -------------------------------------------------------------------    -------------------

                         (clock sys_clk_pin rise edge)
                                                     10.000    10.000 r  
    W5                                                0.000    10.000 r  clk (IN)
                         net (fo=0)                   0.000    10.000    clk
    W5                   IBUF (Prop_ibuf_I_O)         1.388    11.388 r  clk_IBUF_inst/O
                         net (fo=1, routed)           1.862    13.250    clk_IBUF
    BUFGCTRL_X0Y0        BUFG (Prop_bufg_I_O)         0.091    13.341 r  clk_IBUF_BUFG_inst/O
                         net (fo=201, routed)         1.438    14.779    timer/clk_IBUF_BUFG
    SLICE_X52Y27         FDRE                                         r  timer/m1_reg[0]/C
                         clock pessimism              0.274    15.053    
                         clock uncertainty           -0.035    15.018    
    SLICE_X52Y27         FDRE (Setup_fdre_C_CE)      -0.169    14.849    timer/m1_reg[0]
  -------------------------------------------------------------------
                         required time                         14.849    
                         arrival time                         -12.186    
  -------------------------------------------------------------------
                         slack                                  2.663    

Slack (MET) :             2.663ns  (required time - arrival time)
  Source:                 timer/m0_reg[3]/C
                            (rising edge-triggered cell FDRE clocked by sys_clk_pin  {rise@0.000ns fall@5.000ns period=10.000ns})
  Destination:            timer/m1_reg[1]/CE
                            (rising edge-triggered cell FDRE clocked by sys_clk_pin  {rise@0.000ns fall@5.000ns period=10.000ns})
  Path Group:             sys_clk_pin
  Path Type:              Setup (Max at Slow Process Corner)
  Requirement:            10.000ns  (sys_clk_pin rise@10.000ns - sys_clk_pin rise@0.000ns)
  Data Path Delay:        7.112ns  (logic 2.020ns (28.404%)  route 5.092ns (71.596%))
  Logic Levels:           6  (LUT4=1 LUT5=3 LUT6=2)
  Clock Path Skew:        -0.021ns (DCD - SCD + CPR)
    Destination Clock Delay (DCD):    4.779ns = ( 14.779 - 10.000 ) 
    Source Clock Delay      (SCD):    5.074ns
    Clock Pessimism Removal (CPR):    0.274ns
  Clock Uncertainty:      0.035ns  ((TSJ^2 + TIJ^2)^1/2 + DJ) / 2 + PE
    Total System Jitter     (TSJ):    0.071ns
    Total Input Jitter      (TIJ):    0.000ns
    Discrete Jitter          (DJ):    0.000ns
    Phase Error              (PE):    0.000ns

    Location             Delay type                Incr(ns)  Path(ns)    Netlist Resource(s)
  -------------------------------------------------------------------    -------------------
                         (clock sys_clk_pin rise edge)
                                                      0.000     0.000 r  
    W5                                                0.000     0.000 r  clk (IN)
                         net (fo=0)                   0.000     0.000    clk
    W5                   IBUF (Prop_ibuf_I_O)         1.458     1.458 r  clk_IBUF_inst/O
                         net (fo=1, routed)           1.967     3.425    clk_IBUF
    BUFGCTRL_X0Y0        BUFG (Prop_bufg_I_O)         0.096     3.521 r  clk_IBUF_BUFG_inst/O
                         net (fo=201, routed)         1.553     5.074    timer/clk_IBUF_BUFG
    SLICE_X53Y26         FDRE                                         r  timer/m0_reg[3]/C
  -------------------------------------------------------------------    -------------------
    SLICE_X53Y26         FDRE (Prop_fdre_C_Q)         0.419     5.493 r  timer/m0_reg[3]/Q
                         net (fo=5, routed)           0.680     6.174    timer/m0_reg_n_0_[3]
    SLICE_X53Y26         LUT4 (Prop_lut4_I0_O)        0.327     6.501 r  timer/m1[3]_i_3/O
                         net (fo=2, routed)           0.603     7.104    timer/m1[3]_i_3_n_0
    SLICE_X52Y27         LUT6 (Prop_lut6_I5_O)        0.332     7.436 f  timer/player_health_reg[1]_i_4/O
                         net (fo=3, routed)           0.629     8.064    timer/player_health_reg[1]_i_4_n_0
    SLICE_X51Y26         LUT5 (Prop_lut5_I0_O)        0.118     8.182 f  timer/player_health_reg[1]_i_3/O
                         net (fo=13, routed)          1.056     9.238    timer/blast_duration_reg[25]_0
    SLICE_X46Y28         LUT6 (Prop_lut6_I1_O)        0.326     9.564 r  timer/s0[3]_i_3/O
                         net (fo=32, routed)          0.862    10.426    timer/s0[3]_i_1_n_0
    SLICE_X52Y26         LUT5 (Prop_lut5_I4_O)        0.150    10.576 r  timer/s1[2]_i_2/O
                         net (fo=5, routed)           0.662    11.238    timer/s1[2]_i_2_n_0
    SLICE_X52Y27         LUT5 (Prop_lut5_I0_O)        0.348    11.586 r  timer/m1[3]_i_1/O
                         net (fo=4, routed)           0.600    12.186    timer/m1
    SLICE_X52Y27         FDRE                                         r  timer/m1_reg[1]/CE
  -------------------------------------------------------------------    -------------------

                         (clock sys_clk_pin rise edge)
                                                     10.000    10.000 r  
    W5                                                0.000    10.000 r  clk (IN)
                         net (fo=0)                   0.000    10.000    clk
    W5                   IBUF (Prop_ibuf_I_O)         1.388    11.388 r  clk_IBUF_inst/O
                         net (fo=1, routed)           1.862    13.250    clk_IBUF
    BUFGCTRL_X0Y0        BUFG (Prop_bufg_I_O)         0.091    13.341 r  clk_IBUF_BUFG_inst/O
                         net (fo=201, routed)         1.438    14.779    timer/clk_IBUF_BUFG
    SLICE_X52Y27         FDRE                                         r  timer/m1_reg[1]/C
                         clock pessimism              0.274    15.053    
                         clock uncertainty           -0.035    15.018    
    SLICE_X52Y27         FDRE (Setup_fdre_C_CE)      -0.169    14.849    timer/m1_reg[1]
  -------------------------------------------------------------------
                         required time                         14.849    
                         arrival time                         -12.186    
  -------------------------------------------------------------------
                         slack                                  2.663    

Slack (MET) :             2.663ns  (required time - arrival time)
  Source:                 timer/m0_reg[3]/C
                            (rising edge-triggered cell FDRE clocked by sys_clk_pin  {rise@0.000ns fall@5.000ns period=10.000ns})
  Destination:            timer/m1_reg[2]/CE
                            (rising edge-triggered cell FDRE clocked by sys_clk_pin  {rise@0.000ns fall@5.000ns period=10.000ns})
  Path Group:             sys_clk_pin
  Path Type:              Setup (Max at Slow Process Corner)
  Requirement:            10.000ns  (sys_clk_pin rise@10.000ns - sys_clk_pin rise@0.000ns)
  Data Path Delay:        7.112ns  (logic 2.020ns (28.404%)  route 5.092ns (71.596%))
  Logic Levels:           6  (LUT4=1 LUT5=3 LUT6=2)
  Clock Path Skew:        -0.021ns (DCD - SCD + CPR)
    Destination Clock Delay (DCD):    4.779ns = ( 14.779 - 10.000 ) 
    Source Clock Delay      (SCD):    5.074ns
    Clock Pessimism Removal (CPR):    0.274ns
  Clock Uncertainty:      0.035ns  ((TSJ^2 + TIJ^2)^1/2 + DJ) / 2 + PE
    Total System Jitter     (TSJ):    0.071ns
    Total Input Jitter      (TIJ):    0.000ns
    Discrete Jitter          (DJ):    0.000ns
    Phase Error              (PE):    0.000ns

    Location             Delay type                Incr(ns)  Path(ns)    Netlist Resource(s)
  -------------------------------------------------------------------    -------------------
                         (clock sys_clk_pin rise edge)
                                                      0.000     0.000 r  
    W5                                                0.000     0.000 r  clk (IN)
                         net (fo=0)                   0.000     0.000    clk
    W5                   IBUF (Prop_ibuf_I_O)         1.458     1.458 r  clk_IBUF_inst/O
                         net (fo=1, routed)           1.967     3.425    clk_IBUF
    BUFGCTRL_X0Y0        BUFG (Prop_bufg_I_O)         0.096     3.521 r  clk_IBUF_BUFG_inst/O
                         net (fo=201, routed)         1.553     5.074    timer/clk_IBUF_BUFG
    SLICE_X53Y26         FDRE                                         r  timer/m0_reg[3]/C
  -------------------------------------------------------------------    -------------------
    SLICE_X53Y26         FDRE (Prop_fdre_C_Q)         0.419     5.493 r  timer/m0_reg[3]/Q
                         net (fo=5, routed)           0.680     6.174    timer/m0_reg_n_0_[3]
    SLICE_X53Y26         LUT4 (Prop_lut4_I0_O)        0.327     6.501 r  timer/m1[3]_i_3/O
                         net (fo=2, routed)           0.603     7.104    timer/m1[3]_i_3_n_0
    SLICE_X52Y27         LUT6 (Prop_lut6_I5_O)        0.332     7.436 f  timer/player_health_reg[1]_i_4/O
                         net (fo=3, routed)           0.629     8.064    timer/player_health_reg[1]_i_4_n_0
    SLICE_X51Y26         LUT5 (Prop_lut5_I0_O)        0.118     8.182 f  timer/player_health_reg[1]_i_3/O
                         net (fo=13, routed)          1.056     9.238    timer/blast_duration_reg[25]_0
    SLICE_X46Y28         LUT6 (Prop_lut6_I1_O)        0.326     9.564 r  timer/s0[3]_i_3/O
                         net (fo=32, routed)          0.862    10.426    timer/s0[3]_i_1_n_0
    SLICE_X52Y26         LUT5 (Prop_lut5_I4_O)        0.150    10.576 r  timer/s1[2]_i_2/O
                         net (fo=5, routed)           0.662    11.238    timer/s1[2]_i_2_n_0
    SLICE_X52Y27         LUT5 (Prop_lut5_I0_O)        0.348    11.586 r  timer/m1[3]_i_1/O
                         net (fo=4, routed)           0.600    12.186    timer/m1
    SLICE_X52Y27         FDRE                                         r  timer/m1_reg[2]/CE
  -------------------------------------------------------------------    -------------------

                         (clock sys_clk_pin rise edge)
                                                     10.000    10.000 r  
    W5                                                0.000    10.000 r  clk (IN)
                         net (fo=0)                   0.000    10.000    clk
    W5                   IBUF (Prop_ibuf_I_O)         1.388    11.388 r  clk_IBUF_inst/O
                         net (fo=1, routed)           1.862    13.250    clk_IBUF
    BUFGCTRL_X0Y0        BUFG (Prop_bufg_I_O)         0.091    13.341 r  clk_IBUF_BUFG_inst/O
                         net (fo=201, routed)         1.438    14.779    timer/clk_IBUF_BUFG
    SLICE_X52Y27         FDRE                                         r  timer/m1_reg[2]/C
                         clock pessimism              0.274    15.053    
                         clock uncertainty           -0.035    15.018    
    SLICE_X52Y27         FDRE (Setup_fdre_C_CE)      -0.169    14.849    timer/m1_reg[2]
  -------------------------------------------------------------------
                         required time                         14.849    
                         arrival time                         -12.186    
  -------------------------------------------------------------------
                         slack                                  2.663    

Slack (MET) :             2.663ns  (required time - arrival time)
  Source:                 timer/m0_reg[3]/C
                            (rising edge-triggered cell FDRE clocked by sys_clk_pin  {rise@0.000ns fall@5.000ns period=10.000ns})
  Destination:            timer/m1_reg[3]/CE
                            (rising edge-triggered cell FDRE clocked by sys_clk_pin  {rise@0.000ns fall@5.000ns period=10.000ns})
  Path Group:             sys_clk_pin
  Path Type:              Setup (Max at Slow Process Corner)
  Requirement:            10.000ns  (sys_clk_pin rise@10.000ns - sys_clk_pin rise@0.000ns)
  Data Path Delay:        7.112ns  (logic 2.020ns (28.404%)  route 5.092ns (71.596%))
  Logic Levels:           6  (LUT4=1 LUT5=3 LUT6=2)
  Clock Path Skew:        -0.021ns (DCD - SCD + CPR)
    Destination Clock Delay (DCD):    4.779ns = ( 14.779 - 10.000 ) 
    Source Clock Delay      (SCD):    5.074ns
    Clock Pessimism Removal (CPR):    0.274ns
  Clock Uncertainty:      0.035ns  ((TSJ^2 + TIJ^2)^1/2 + DJ) / 2 + PE
    Total System Jitter     (TSJ):    0.071ns
    Total Input Jitter      (TIJ):    0.000ns
    Discrete Jitter          (DJ):    0.000ns
    Phase Error              (PE):    0.000ns

    Location             Delay type                Incr(ns)  Path(ns)    Netlist Resource(s)
  -------------------------------------------------------------------    -------------------
                         (clock sys_clk_pin rise edge)
                                                      0.000     0.000 r  
    W5                                                0.000     0.000 r  clk (IN)
                         net (fo=0)                   0.000     0.000    clk
    W5                   IBUF (Prop_ibuf_I_O)         1.458     1.458 r  clk_IBUF_inst/O
                         net (fo=1, routed)           1.967     3.425    clk_IBUF
    BUFGCTRL_X0Y0        BUFG (Prop_bufg_I_O)         0.096     3.521 r  clk_IBUF_BUFG_inst/O
                         net (fo=201, routed)         1.553     5.074    timer/clk_IBUF_BUFG
    SLICE_X53Y26         FDRE                                         r  timer/m0_reg[3]/C
  -------------------------------------------------------------------    -------------------
    SLICE_X53Y26         FDRE (Prop_fdre_C_Q)         0.419     5.493 r  timer/m0_reg[3]/Q
                         net (fo=5, routed)           0.680     6.174    timer/m0_reg_n_0_[3]
    SLICE_X53Y26         LUT4 (Prop_lut4_I0_O)        0.327     6.501 r  timer/m1[3]_i_3/O
                         net (fo=2, routed)           0.603     7.104    timer/m1[3]_i_3_n_0
    SLICE_X52Y27         LUT6 (Prop_lut6_I5_O)        0.332     7.436 f  timer/player_health_reg[1]_i_4/O
                         net (fo=3, routed)           0.629     8.064    timer/player_health_reg[1]_i_4_n_0
    SLICE_X51Y26         LUT5 (Prop_lut5_I0_O)        0.118     8.182 f  timer/player_health_reg[1]_i_3/O
                         net (fo=13, routed)          1.056     9.238    timer/blast_duration_reg[25]_0
    SLICE_X46Y28         LUT6 (Prop_lut6_I1_O)        0.326     9.564 r  timer/s0[3]_i_3/O
                         net (fo=32, routed)          0.862    10.426    timer/s0[3]_i_1_n_0
    SLICE_X52Y26         LUT5 (Prop_lut5_I4_O)        0.150    10.576 r  timer/s1[2]_i_2/O
                         net (fo=5, routed)           0.662    11.238    timer/s1[2]_i_2_n_0
    SLICE_X52Y27         LUT5 (Prop_lut5_I0_O)        0.348    11.586 r  timer/m1[3]_i_1/O
                         net (fo=4, routed)           0.600    12.186    timer/m1
    SLICE_X52Y27         FDRE                                         r  timer/m1_reg[3]/CE
  -------------------------------------------------------------------    -------------------

                         (clock sys_clk_pin rise edge)
                                                     10.000    10.000 r  
    W5                                                0.000    10.000 r  clk (IN)
                         net (fo=0)                   0.000    10.000    clk
    W5                   IBUF (Prop_ibuf_I_O)         1.388    11.388 r  clk_IBUF_inst/O
                         net (fo=1, routed)           1.862    13.250    clk_IBUF
    BUFGCTRL_X0Y0        BUFG (Prop_bufg_I_O)         0.091    13.341 r  clk_IBUF_BUFG_inst/O
                         net (fo=201, routed)         1.438    14.779    timer/clk_IBUF_BUFG
    SLICE_X52Y27         FDRE                                         r  timer/m1_reg[3]/C
                         clock pessimism              0.274    15.053    
                         clock uncertainty           -0.035    15.018    
    SLICE_X52Y27         FDRE (Setup_fdre_C_CE)      -0.169    14.849    timer/m1_reg[3]
  -------------------------------------------------------------------
                         required time                         14.849    
                         arrival time                         -12.186    
  -------------------------------------------------------------------
                         slack                                  2.663    

Slack (MET) :             2.707ns  (required time - arrival time)
  Source:                 timer/m0_reg[3]/C
                            (rising edge-triggered cell FDRE clocked by sys_clk_pin  {rise@0.000ns fall@5.000ns period=10.000ns})
  Destination:            timer/m0_reg[0]/CE
                            (rising edge-triggered cell FDRE clocked by sys_clk_pin  {rise@0.000ns fall@5.000ns period=10.000ns})
  Path Group:             sys_clk_pin
  Path Type:              Setup (Max at Slow Process Corner)
  Requirement:            10.000ns  (sys_clk_pin rise@10.000ns - sys_clk_pin rise@0.000ns)
  Data Path Delay:        7.034ns  (logic 2.020ns (28.718%)  route 5.014ns (71.282%))
  Logic Levels:           6  (LUT4=2 LUT5=2 LUT6=2)
  Clock Path Skew:        -0.019ns (DCD - SCD + CPR)
    Destination Clock Delay (DCD):    4.781ns = ( 14.781 - 10.000 ) 
    Source Clock Delay      (SCD):    5.074ns
    Clock Pessimism Removal (CPR):    0.274ns
  Clock Uncertainty:      0.035ns  ((TSJ^2 + TIJ^2)^1/2 + DJ) / 2 + PE
    Total System Jitter     (TSJ):    0.071ns
    Total Input Jitter      (TIJ):    0.000ns
    Discrete Jitter          (DJ):    0.000ns
    Phase Error              (PE):    0.000ns

    Location             Delay type                Incr(ns)  Path(ns)    Netlist Resource(s)
  -------------------------------------------------------------------    -------------------
                         (clock sys_clk_pin rise edge)
                                                      0.000     0.000 r  
    W5                                                0.000     0.000 r  clk (IN)
                         net (fo=0)                   0.000     0.000    clk
    W5                   IBUF (Prop_ibuf_I_O)         1.458     1.458 r  clk_IBUF_inst/O
                         net (fo=1, routed)           1.967     3.425    clk_IBUF
    BUFGCTRL_X0Y0        BUFG (Prop_bufg_I_O)         0.096     3.521 r  clk_IBUF_BUFG_inst/O
                         net (fo=201, routed)         1.553     5.074    timer/clk_IBUF_BUFG
    SLICE_X53Y26         FDRE                                         r  timer/m0_reg[3]/C
  -------------------------------------------------------------------    -------------------
    SLICE_X53Y26         FDRE (Prop_fdre_C_Q)         0.419     5.493 r  timer/m0_reg[3]/Q
                         net (fo=5, routed)           0.680     6.174    timer/m0_reg_n_0_[3]
    SLICE_X53Y26         LUT4 (Prop_lut4_I0_O)        0.327     6.501 r  timer/m1[3]_i_3/O
                         net (fo=2, routed)           0.603     7.104    timer/m1[3]_i_3_n_0
    SLICE_X52Y27         LUT6 (Prop_lut6_I5_O)        0.332     7.436 f  timer/player_health_reg[1]_i_4/O
                         net (fo=3, routed)           0.629     8.064    timer/player_health_reg[1]_i_4_n_0
    SLICE_X51Y26         LUT5 (Prop_lut5_I0_O)        0.118     8.182 f  timer/player_health_reg[1]_i_3/O
                         net (fo=13, routed)          1.056     9.238    timer/blast_duration_reg[25]_0
    SLICE_X46Y28         LUT6 (Prop_lut6_I1_O)        0.326     9.564 r  timer/s0[3]_i_3/O
                         net (fo=32, routed)          0.862    10.426    timer/s0[3]_i_1_n_0
    SLICE_X52Y26         LUT5 (Prop_lut5_I4_O)        0.150    10.576 r  timer/s1[2]_i_2/O
                         net (fo=5, routed)           0.651    11.227    timer/s1[2]_i_2_n_0
    SLICE_X52Y28         LUT4 (Prop_lut4_I3_O)        0.348    11.575 r  timer/m0[3]_i_1/O
                         net (fo=4, routed)           0.533    12.108    timer/m0
    SLICE_X53Y28         FDRE                                         r  timer/m0_reg[0]/CE
  -------------------------------------------------------------------    -------------------

                         (clock sys_clk_pin rise edge)
                                                     10.000    10.000 r  
    W5                                                0.000    10.000 r  clk (IN)
                         net (fo=0)                   0.000    10.000    clk
    W5                   IBUF (Prop_ibuf_I_O)         1.388    11.388 r  clk_IBUF_inst/O
                         net (fo=1, routed)           1.862    13.250    clk_IBUF
    BUFGCTRL_X0Y0        BUFG (Prop_bufg_I_O)         0.091    13.341 r  clk_IBUF_BUFG_inst/O
                         net (fo=201, routed)         1.440    14.781    timer/clk_IBUF_BUFG
    SLICE_X53Y28         FDRE                                         r  timer/m0_reg[0]/C
                         clock pessimism              0.274    15.055    
                         clock uncertainty           -0.035    15.020    
    SLICE_X53Y28         FDRE (Setup_fdre_C_CE)      -0.205    14.815    timer/m0_reg[0]
  -------------------------------------------------------------------
                         required time                         14.815    
                         arrival time                         -12.108    
  -------------------------------------------------------------------
                         slack                                  2.707    

Slack (MET) :             2.773ns  (required time - arrival time)
  Source:                 timer/m0_reg[3]/C
                            (rising edge-triggered cell FDRE clocked by sys_clk_pin  {rise@0.000ns fall@5.000ns period=10.000ns})
  Destination:            timer/m0_reg[1]/CE
                            (rising edge-triggered cell FDRE clocked by sys_clk_pin  {rise@0.000ns fall@5.000ns period=10.000ns})
  Path Group:             sys_clk_pin
  Path Type:              Setup (Max at Slow Process Corner)
  Requirement:            10.000ns  (sys_clk_pin rise@10.000ns - sys_clk_pin rise@0.000ns)
  Data Path Delay:        6.987ns  (logic 2.020ns (28.913%)  route 4.967ns (71.087%))
  Logic Levels:           6  (LUT4=2 LUT5=2 LUT6=2)
  Clock Path Skew:        0.000ns (DCD - SCD + CPR)
    Destination Clock Delay (DCD):    4.778ns = ( 14.778 - 10.000 ) 
    Source Clock Delay      (SCD):    5.074ns
    Clock Pessimism Removal (CPR):    0.296ns
  Clock Uncertainty:      0.035ns  ((TSJ^2 + TIJ^2)^1/2 + DJ) / 2 + PE
    Total System Jitter     (TSJ):    0.071ns
    Total Input Jitter      (TIJ):    0.000ns
    Discrete Jitter          (DJ):    0.000ns
    Phase Error              (PE):    0.000ns

    Location             Delay type                Incr(ns)  Path(ns)    Netlist Resource(s)
  -------------------------------------------------------------------    -------------------
                         (clock sys_clk_pin rise edge)
                                                      0.000     0.000 r  
    W5                                                0.000     0.000 r  clk (IN)
                         net (fo=0)                   0.000     0.000    clk
    W5                   IBUF (Prop_ibuf_I_O)         1.458     1.458 r  clk_IBUF_inst/O
                         net (fo=1, routed)           1.967     3.425    clk_IBUF
    BUFGCTRL_X0Y0        BUFG (Prop_bufg_I_O)         0.096     3.521 r  clk_IBUF_BUFG_inst/O
                         net (fo=201, routed)         1.553     5.074    timer/clk_IBUF_BUFG
    SLICE_X53Y26         FDRE                                         r  timer/m0_reg[3]/C
  -------------------------------------------------------------------    -------------------
    SLICE_X53Y26         FDRE (Prop_fdre_C_Q)         0.419     5.493 r  timer/m0_reg[3]/Q
                         net (fo=5, routed)           0.680     6.174    timer/m0_reg_n_0_[3]
    SLICE_X53Y26         LUT4 (Prop_lut4_I0_O)        0.327     6.501 r  timer/m1[3]_i_3/O
                         net (fo=2, routed)           0.603     7.104    timer/m1[3]_i_3_n_0
    SLICE_X52Y27         LUT6 (Prop_lut6_I5_O)        0.332     7.436 f  timer/player_health_reg[1]_i_4/O
                         net (fo=3, routed)           0.629     8.064    timer/player_health_reg[1]_i_4_n_0
    SLICE_X51Y26         LUT5 (Prop_lut5_I0_O)        0.118     8.182 f  timer/player_health_reg[1]_i_3/O
                         net (fo=13, routed)          1.056     9.238    timer/blast_duration_reg[25]_0
    SLICE_X46Y28         LUT6 (Prop_lut6_I1_O)        0.326     9.564 r  timer/s0[3]_i_3/O
                         net (fo=32, routed)          0.862    10.426    timer/s0[3]_i_1_n_0
    SLICE_X52Y26         LUT5 (Prop_lut5_I4_O)        0.150    10.576 r  timer/s1[2]_i_2/O
                         net (fo=5, routed)           0.651    11.227    timer/s1[2]_i_2_n_0
    SLICE_X52Y28         LUT4 (Prop_lut4_I3_O)        0.348    11.575 r  timer/m0[3]_i_1/O
                         net (fo=4, routed)           0.486    12.061    timer/m0
    SLICE_X53Y26         FDRE                                         r  timer/m0_reg[1]/CE
  -------------------------------------------------------------------    -------------------

                         (clock sys_clk_pin rise edge)
                                                     10.000    10.000 r  
    W5                                                0.000    10.000 r  clk (IN)
                         net (fo=0)                   0.000    10.000    clk
    W5                   IBUF (Prop_ibuf_I_O)         1.388    11.388 r  clk_IBUF_inst/O
                         net (fo=1, routed)           1.862    13.250    clk_IBUF
    BUFGCTRL_X0Y0        BUFG (Prop_bufg_I_O)         0.091    13.341 r  clk_IBUF_BUFG_inst/O
                         net (fo=201, routed)         1.437    14.778    timer/clk_IBUF_BUFG
    SLICE_X53Y26         FDRE                                         r  timer/m0_reg[1]/C
                         clock pessimism              0.296    15.074    
                         clock uncertainty           -0.035    15.039    
    SLICE_X53Y26         FDRE (Setup_fdre_C_CE)      -0.205    14.834    timer/m0_reg[1]
  -------------------------------------------------------------------
                         required time                         14.834    
                         arrival time                         -12.061    
  -------------------------------------------------------------------
                         slack                                  2.773    

Slack (MET) :             2.773ns  (required time - arrival time)
  Source:                 timer/m0_reg[3]/C
                            (rising edge-triggered cell FDRE clocked by sys_clk_pin  {rise@0.000ns fall@5.000ns period=10.000ns})
  Destination:            timer/m0_reg[2]/CE
                            (rising edge-triggered cell FDRE clocked by sys_clk_pin  {rise@0.000ns fall@5.000ns period=10.000ns})
  Path Group:             sys_clk_pin
  Path Type:              Setup (Max at Slow Process Corner)
  Requirement:            10.000ns  (sys_clk_pin rise@10.000ns - sys_clk_pin rise@0.000ns)
  Data Path Delay:        6.987ns  (logic 2.020ns (28.913%)  route 4.967ns (71.087%))
  Logic Levels:           6  (LUT4=2 LUT5=2 LUT6=2)
  Clock Path Skew:        0.000ns (DCD - SCD + CPR)
    Destination Clock Delay (DCD):    4.778ns = ( 14.778 - 10.000 ) 
    Source Clock Delay      (SCD):    5.074ns
    Clock Pessimism Removal (CPR):    0.296ns
  Clock Uncertainty:      0.035ns  ((TSJ^2 + TIJ^2)^1/2 + DJ) / 2 + PE
    Total System Jitter     (TSJ):    0.071ns
    Total Input Jitter      (TIJ):    0.000ns
    Discrete Jitter          (DJ):    0.000ns
    Phase Error              (PE):    0.000ns

    Location             Delay type                Incr(ns)  Path(ns)    Netlist Resource(s)
  -------------------------------------------------------------------    -------------------
                         (clock sys_clk_pin rise edge)
                                                      0.000     0.000 r  
    W5                                                0.000     0.000 r  clk (IN)
                         net (fo=0)                   0.000     0.000    clk
    W5                   IBUF (Prop_ibuf_I_O)         1.458     1.458 r  clk_IBUF_inst/O
                         net (fo=1, routed)           1.967     3.425    clk_IBUF
    BUFGCTRL_X0Y0        BUFG (Prop_bufg_I_O)         0.096     3.521 r  clk_IBUF_BUFG_inst/O
                         net (fo=201, routed)         1.553     5.074    timer/clk_IBUF_BUFG
    SLICE_X53Y26         FDRE                                         r  timer/m0_reg[3]/C
  -------------------------------------------------------------------    -------------------
    SLICE_X53Y26         FDRE (Prop_fdre_C_Q)         0.419     5.493 r  timer/m0_reg[3]/Q
                         net (fo=5, routed)           0.680     6.174    timer/m0_reg_n_0_[3]
    SLICE_X53Y26         LUT4 (Prop_lut4_I0_O)        0.327     6.501 r  timer/m1[3]_i_3/O
                         net (fo=2, routed)           0.603     7.104    timer/m1[3]_i_3_n_0
    SLICE_X52Y27         LUT6 (Prop_lut6_I5_O)        0.332     7.436 f  timer/player_health_reg[1]_i_4/O
                         net (fo=3, routed)           0.629     8.064    timer/player_health_reg[1]_i_4_n_0
    SLICE_X51Y26         LUT5 (Prop_lut5_I0_O)        0.118     8.182 f  timer/player_health_reg[1]_i_3/O
                         net (fo=13, routed)          1.056     9.238    timer/blast_duration_reg[25]_0
    SLICE_X46Y28         LUT6 (Prop_lut6_I1_O)        0.326     9.564 r  timer/s0[3]_i_3/O
                         net (fo=32, routed)          0.862    10.426    timer/s0[3]_i_1_n_0
    SLICE_X52Y26         LUT5 (Prop_lut5_I4_O)        0.150    10.576 r  timer/s1[2]_i_2/O
                         net (fo=5, routed)           0.651    11.227    timer/s1[2]_i_2_n_0
    SLICE_X52Y28         LUT4 (Prop_lut4_I3_O)        0.348    11.575 r  timer/m0[3]_i_1/O
                         net (fo=4, routed)           0.486    12.061    timer/m0
    SLICE_X53Y26         FDRE                                         r  timer/m0_reg[2]/CE
  -------------------------------------------------------------------    -------------------

                         (clock sys_clk_pin rise edge)
                                                     10.000    10.000 r  
    W5                                                0.000    10.000 r  clk (IN)
                         net (fo=0)                   0.000    10.000    clk
    W5                   IBUF (Prop_ibuf_I_O)         1.388    11.388 r  clk_IBUF_inst/O
                         net (fo=1, routed)           1.862    13.250    clk_IBUF
    BUFGCTRL_X0Y0        BUFG (Prop_bufg_I_O)         0.091    13.341 r  clk_IBUF_BUFG_inst/O
                         net (fo=201, routed)         1.437    14.778    timer/clk_IBUF_BUFG
    SLICE_X53Y26         FDRE                                         r  timer/m0_reg[2]/C
                         clock pessimism              0.296    15.074    
                         clock uncertainty           -0.035    15.039    
    SLICE_X53Y26         FDRE (Setup_fdre_C_CE)      -0.205    14.834    timer/m0_reg[2]
  -------------------------------------------------------------------
                         required time                         14.834    
                         arrival time                         -12.061    
  -------------------------------------------------------------------
                         slack                                  2.773    

Slack (MET) :             2.773ns  (required time - arrival time)
  Source:                 timer/m0_reg[3]/C
                            (rising edge-triggered cell FDRE clocked by sys_clk_pin  {rise@0.000ns fall@5.000ns period=10.000ns})
  Destination:            timer/m0_reg[3]/CE
                            (rising edge-triggered cell FDRE clocked by sys_clk_pin  {rise@0.000ns fall@5.000ns period=10.000ns})
  Path Group:             sys_clk_pin
  Path Type:              Setup (Max at Slow Process Corner)
  Requirement:            10.000ns  (sys_clk_pin rise@10.000ns - sys_clk_pin rise@0.000ns)
  Data Path Delay:        6.987ns  (logic 2.020ns (28.913%)  route 4.967ns (71.087%))
  Logic Levels:           6  (LUT4=2 LUT5=2 LUT6=2)
  Clock Path Skew:        0.000ns (DCD - SCD + CPR)
    Destination Clock Delay (DCD):    4.778ns = ( 14.778 - 10.000 ) 
    Source Clock Delay      (SCD):    5.074ns
    Clock Pessimism Removal (CPR):    0.296ns
  Clock Uncertainty:      0.035ns  ((TSJ^2 + TIJ^2)^1/2 + DJ) / 2 + PE
    Total System Jitter     (TSJ):    0.071ns
    Total Input Jitter      (TIJ):    0.000ns
    Discrete Jitter          (DJ):    0.000ns
    Phase Error              (PE):    0.000ns

    Location             Delay type                Incr(ns)  Path(ns)    Netlist Resource(s)
  -------------------------------------------------------------------    -------------------
                         (clock sys_clk_pin rise edge)
                                                      0.000     0.000 r  
    W5                                                0.000     0.000 r  clk (IN)
                         net (fo=0)                   0.000     0.000    clk
    W5                   IBUF (Prop_ibuf_I_O)         1.458     1.458 r  clk_IBUF_inst/O
                         net (fo=1, routed)           1.967     3.425    clk_IBUF
    BUFGCTRL_X0Y0        BUFG (Prop_bufg_I_O)         0.096     3.521 r  clk_IBUF_BUFG_inst/O
                         net (fo=201, routed)         1.553     5.074    timer/clk_IBUF_BUFG
    SLICE_X53Y26         FDRE                                         r  timer/m0_reg[3]/C
  -------------------------------------------------------------------    -------------------
    SLICE_X53Y26         FDRE (Prop_fdre_C_Q)         0.419     5.493 r  timer/m0_reg[3]/Q
                         net (fo=5, routed)           0.680     6.174    timer/m0_reg_n_0_[3]
    SLICE_X53Y26         LUT4 (Prop_lut4_I0_O)        0.327     6.501 r  timer/m1[3]_i_3/O
                         net (fo=2, routed)           0.603     7.104    timer/m1[3]_i_3_n_0
    SLICE_X52Y27         LUT6 (Prop_lut6_I5_O)        0.332     7.436 f  timer/player_health_reg[1]_i_4/O
                         net (fo=3, routed)           0.629     8.064    timer/player_health_reg[1]_i_4_n_0
    SLICE_X51Y26         LUT5 (Prop_lut5_I0_O)        0.118     8.182 f  timer/player_health_reg[1]_i_3/O
                         net (fo=13, routed)          1.056     9.238    timer/blast_duration_reg[25]_0
    SLICE_X46Y28         LUT6 (Prop_lut6_I1_O)        0.326     9.564 r  timer/s0[3]_i_3/O
                         net (fo=32, routed)          0.862    10.426    timer/s0[3]_i_1_n_0
    SLICE_X52Y26         LUT5 (Prop_lut5_I4_O)        0.150    10.576 r  timer/s1[2]_i_2/O
                         net (fo=5, routed)           0.651    11.227    timer/s1[2]_i_2_n_0
    SLICE_X52Y28         LUT4 (Prop_lut4_I3_O)        0.348    11.575 r  timer/m0[3]_i_1/O
                         net (fo=4, routed)           0.486    12.061    timer/m0
    SLICE_X53Y26         FDRE                                         r  timer/m0_reg[3]/CE
  -------------------------------------------------------------------    -------------------

                         (clock sys_clk_pin rise edge)
                                                     10.000    10.000 r  
    W5                                                0.000    10.000 r  clk (IN)
                         net (fo=0)                   0.000    10.000    clk
    W5                   IBUF (Prop_ibuf_I_O)         1.388    11.388 r  clk_IBUF_inst/O
                         net (fo=1, routed)           1.862    13.250    clk_IBUF
    BUFGCTRL_X0Y0        BUFG (Prop_bufg_I_O)         0.091    13.341 r  clk_IBUF_BUFG_inst/O
                         net (fo=201, routed)         1.437    14.778    timer/clk_IBUF_BUFG
    SLICE_X53Y26         FDRE                                         r  timer/m0_reg[3]/C
                         clock pessimism              0.296    15.074    
                         clock uncertainty           -0.035    15.039    
    SLICE_X53Y26         FDRE (Setup_fdre_C_CE)      -0.205    14.834    timer/m0_reg[3]
  -------------------------------------------------------------------
                         required time                         14.834    
                         arrival time                         -12.061    
  -------------------------------------------------------------------
                         slack                                  2.773    

Slack (MET) :             3.272ns  (required time - arrival time)
  Source:                 timer/m0_reg[3]/C
                            (rising edge-triggered cell FDRE clocked by sys_clk_pin  {rise@0.000ns fall@5.000ns period=10.000ns})
  Destination:            timer/s1_reg[0]/D
                            (rising edge-triggered cell FDRE clocked by sys_clk_pin  {rise@0.000ns fall@5.000ns period=10.000ns})
  Path Group:             sys_clk_pin
  Path Type:              Setup (Max at Slow Process Corner)
  Requirement:            10.000ns  (sys_clk_pin rise@10.000ns - sys_clk_pin rise@0.000ns)
  Data Path Delay:        6.719ns  (logic 2.048ns (30.483%)  route 4.671ns (69.517%))
  Logic Levels:           6  (LUT2=1 LUT4=1 LUT5=2 LUT6=2)
  Clock Path Skew:        -0.021ns (DCD - SCD + CPR)
    Destination Clock Delay (DCD):    4.779ns = ( 14.779 - 10.000 ) 
    Source Clock Delay      (SCD):    5.074ns
    Clock Pessimism Removal (CPR):    0.274ns
  Clock Uncertainty:      0.035ns  ((TSJ^2 + TIJ^2)^1/2 + DJ) / 2 + PE
    Total System Jitter     (TSJ):    0.071ns
    Total Input Jitter      (TIJ):    0.000ns
    Discrete Jitter          (DJ):    0.000ns
    Phase Error              (PE):    0.000ns

    Location             Delay type                Incr(ns)  Path(ns)    Netlist Resource(s)
  -------------------------------------------------------------------    -------------------
                         (clock sys_clk_pin rise edge)
                                                      0.000     0.000 r  
    W5                                                0.000     0.000 r  clk (IN)
                         net (fo=0)                   0.000     0.000    clk
    W5                   IBUF (Prop_ibuf_I_O)         1.458     1.458 r  clk_IBUF_inst/O
                         net (fo=1, routed)           1.967     3.425    clk_IBUF
    BUFGCTRL_X0Y0        BUFG (Prop_bufg_I_O)         0.096     3.521 r  clk_IBUF_BUFG_inst/O
                         net (fo=201, routed)         1.553     5.074    timer/clk_IBUF_BUFG
    SLICE_X53Y26         FDRE                                         r  timer/m0_reg[3]/C
  -------------------------------------------------------------------    -------------------
    SLICE_X53Y26         FDRE (Prop_fdre_C_Q)         0.419     5.493 r  timer/m0_reg[3]/Q
                         net (fo=5, routed)           0.680     6.174    timer/m0_reg_n_0_[3]
    SLICE_X53Y26         LUT4 (Prop_lut4_I0_O)        0.327     6.501 r  timer/m1[3]_i_3/O
                         net (fo=2, routed)           0.603     7.104    timer/m1[3]_i_3_n_0
    SLICE_X52Y27         LUT6 (Prop_lut6_I5_O)        0.332     7.436 f  timer/player_health_reg[1]_i_4/O
                         net (fo=3, routed)           0.629     8.064    timer/player_health_reg[1]_i_4_n_0
    SLICE_X51Y26         LUT5 (Prop_lut5_I0_O)        0.118     8.182 f  timer/player_health_reg[1]_i_3/O
                         net (fo=13, routed)          1.056     9.238    timer/blast_duration_reg[25]_0
    SLICE_X46Y28         LUT6 (Prop_lut6_I1_O)        0.326     9.564 r  timer/s0[3]_i_3/O
                         net (fo=32, routed)          0.862    10.426    timer/s0[3]_i_1_n_0
    SLICE_X52Y26         LUT5 (Prop_lut5_I4_O)        0.150    10.576 r  timer/s1[2]_i_2/O
                         net (fo=5, routed)           0.841    11.417    timer/s1[2]_i_2_n_0
    SLICE_X53Y27         LUT2 (Prop_lut2_I0_O)        0.376    11.793 r  timer/s1[0]_i_1/O
                         net (fo=1, routed)           0.000    11.793    timer/s1[0]_i_1_n_0
    SLICE_X53Y27         FDRE                                         r  timer/s1_reg[0]/D
  -------------------------------------------------------------------    -------------------

                         (clock sys_clk_pin rise edge)
                                                     10.000    10.000 r  
    W5                                                0.000    10.000 r  clk (IN)
                         net (fo=0)                   0.000    10.000    clk
    W5                   IBUF (Prop_ibuf_I_O)         1.388    11.388 r  clk_IBUF_inst/O
                         net (fo=1, routed)           1.862    13.250    clk_IBUF
    BUFGCTRL_X0Y0        BUFG (Prop_bufg_I_O)         0.091    13.341 r  clk_IBUF_BUFG_inst/O
                         net (fo=201, routed)         1.438    14.779    timer/clk_IBUF_BUFG
    SLICE_X53Y27         FDRE                                         r  timer/s1_reg[0]/C
                         clock pessimism              0.274    15.053    
                         clock uncertainty           -0.035    15.018    
    SLICE_X53Y27         FDRE (Setup_fdre_C_D)        0.047    15.065    timer/s1_reg[0]
  -------------------------------------------------------------------
                         required time                         15.065    
                         arrival time                         -11.793    
  -------------------------------------------------------------------
                         slack                                  3.272    

Slack (MET) :             3.399ns  (required time - arrival time)
  Source:                 timer/blast_duration_reg[13]/C
                            (rising edge-triggered cell FDRE clocked by sys_clk_pin  {rise@0.000ns fall@5.000ns period=10.000ns})
  Destination:            timer/speaker_reg_reg/CE
                            (rising edge-triggered cell FDRE clocked by sys_clk_pin  {rise@0.000ns fall@5.000ns period=10.000ns})
  Path Group:             sys_clk_pin
  Path Type:              Setup (Max at Slow Process Corner)
  Requirement:            10.000ns  (sys_clk_pin rise@10.000ns - sys_clk_pin rise@0.000ns)
  Data Path Delay:        6.358ns  (logic 2.939ns (46.222%)  route 3.419ns (53.778%))
  Logic Levels:           8  (CARRY4=5 LUT1=1 LUT4=2)
  Clock Path Skew:        -0.038ns (DCD - SCD + CPR)
    Destination Clock Delay (DCD):    4.843ns = ( 14.843 - 10.000 ) 
    Source Clock Delay      (SCD):    5.069ns
    Clock Pessimism Removal (CPR):    0.188ns
  Clock Uncertainty:      0.035ns  ((TSJ^2 + TIJ^2)^1/2 + DJ) / 2 + PE
    Total System Jitter     (TSJ):    0.071ns
    Total Input Jitter      (TIJ):    0.000ns
    Discrete Jitter          (DJ):    0.000ns
    Phase Error              (PE):    0.000ns

    Location             Delay type                Incr(ns)  Path(ns)    Netlist Resource(s)
  -------------------------------------------------------------------    -------------------
                         (clock sys_clk_pin rise edge)
                                                      0.000     0.000 r  
    W5                                                0.000     0.000 r  clk (IN)
                         net (fo=0)                   0.000     0.000    clk
    W5                   IBUF (Prop_ibuf_I_O)         1.458     1.458 r  clk_IBUF_inst/O
                         net (fo=1, routed)           1.967     3.425    clk_IBUF
    BUFGCTRL_X0Y0        BUFG (Prop_bufg_I_O)         0.096     3.521 r  clk_IBUF_BUFG_inst/O
                         net (fo=201, routed)         1.548     5.069    timer/clk_IBUF_BUFG
    SLICE_X43Y23         FDRE                                         r  timer/blast_duration_reg[13]/C
  -------------------------------------------------------------------    -------------------
    SLICE_X43Y23         FDRE (Prop_fdre_C_Q)         0.456     5.525 f  timer/blast_duration_reg[13]/Q
                         net (fo=4, routed)           0.495     6.020    timer/p_0_in[2]
    SLICE_X44Y21         LUT1 (Prop_lut1_I0_O)        0.124     6.144 r  timer/rumble_div1_carry_i_1/O
                         net (fo=1, routed)           0.000     6.144    timer/rumble_div1_carry_i_1_n_0
    SLICE_X44Y21         CARRY4 (Prop_carry4_S[1]_CO[3])
                                                      0.550     6.694 r  timer/rumble_div1_carry/CO[3]
                         net (fo=1, routed)           0.000     6.694    timer/rumble_div1_carry_n_0
    SLICE_X44Y22         CARRY4 (Prop_carry4_CI_CO[3])
                                                      0.114     6.808 r  timer/rumble_div1_carry__0/CO[3]
                         net (fo=1, routed)           0.000     6.808    timer/rumble_div1_carry__0_n_0
    SLICE_X44Y23         CARRY4 (Prop_carry4_CI_O[2])
                                                      0.239     7.047 r  timer/rumble_div1_carry__1/O[2]
                         net (fo=2, routed)           0.806     7.853    timer/rumble_div1[11]
    SLICE_X42Y23         LUT4 (Prop_lut4_I1_O)        0.302     8.155 r  timer/i__carry__0_i_7/O
                         net (fo=1, routed)           0.000     8.155    timer/i__carry__0_i_7_n_0
    SLICE_X42Y23         CARRY4 (Prop_carry4_S[1]_CO[3])
                                                      0.533     8.688 r  timer/rumble_div0_inferred__0/i__carry__0/CO[3]
                         net (fo=1, routed)           0.000     8.688    timer/rumble_div0_inferred__0/i__carry__0_n_0
    SLICE_X42Y24         CARRY4 (Prop_carry4_CI_CO[0])
                                                      0.254     8.942 r  timer/rumble_div0_inferred__0/i__carry__1/CO[0]
                         net (fo=2, routed)           0.304     9.246    timer/rumble_div0_inferred__0/i__carry__1_n_3
    SLICE_X40Y24         LUT4 (Prop_lut4_I3_O)        0.367     9.613 r  timer/speaker_reg_i_1/O
                         net (fo=4, routed)           1.815    11.428    timer/speaker_reg_i_1_n_0
    SLICE_X2Y24          FDRE                                         r  timer/speaker_reg_reg/CE
  -------------------------------------------------------------------    -------------------

                         (clock sys_clk_pin rise edge)
                                                     10.000    10.000 r  
    W5                                                0.000    10.000 r  clk (IN)
                         net (fo=0)                   0.000    10.000    clk
    W5                   IBUF (Prop_ibuf_I_O)         1.388    11.388 r  clk_IBUF_inst/O
                         net (fo=1, routed)           1.862    13.250    clk_IBUF
    BUFGCTRL_X0Y0        BUFG (Prop_bufg_I_O)         0.091    13.341 r  clk_IBUF_BUFG_inst/O
                         net (fo=201, routed)         1.502    14.843    timer/clk_IBUF_BUFG
    SLICE_X2Y24          FDRE                                         r  timer/speaker_reg_reg/C
                         clock pessimism              0.188    15.031    
                         clock uncertainty           -0.035    14.996    
    SLICE_X2Y24          FDRE (Setup_fdre_C_CE)      -0.169    14.827    timer/speaker_reg_reg
  -------------------------------------------------------------------
                         required time                         14.827    
                         arrival time                         -11.428    
  -------------------------------------------------------------------
                         slack                                  3.399    





Min Delay Paths
--------------------------------------------------------------------------------------
Slack (MET) :             0.176ns  (arrival time - required time)
  Source:                 screen1/game_state_reg[2]/C
                            (rising edge-triggered cell FDRE clocked by sys_clk_pin  {rise@0.000ns fall@5.000ns period=10.000ns})
  Destination:            screen2/oled_data_reg[15]/D
                            (rising edge-triggered cell FDRE clocked by sys_clk_pin  {rise@0.000ns fall@5.000ns period=10.000ns})
  Path Group:             sys_clk_pin
  Path Type:              Hold (Min at Fast Process Corner)
  Requirement:            0.000ns  (sys_clk_pin rise@0.000ns - sys_clk_pin rise@0.000ns)
  Data Path Delay:        0.556ns  (logic 0.227ns (40.791%)  route 0.329ns (59.209%))
  Logic Levels:           1  (LUT6=1)
  Clock Path Skew:        0.259ns (DCD - SCD - CPR)
    Destination Clock Delay (DCD):    1.949ns
    Source Clock Delay      (SCD):    1.441ns
    Clock Pessimism Removal (CPR):    0.249ns

    Location             Delay type                Incr(ns)  Path(ns)    Netlist Resource(s)
  -------------------------------------------------------------------    -------------------
                         (clock sys_clk_pin rise edge)
                                                      0.000     0.000 r  
    W5                                                0.000     0.000 r  clk (IN)
                         net (fo=0)                   0.000     0.000    clk
    W5                   IBUF (Prop_ibuf_I_O)         0.226     0.226 r  clk_IBUF_inst/O
                         net (fo=1, routed)           0.631     0.858    clk_IBUF
    BUFGCTRL_X0Y0        BUFG (Prop_bufg_I_O)         0.026     0.884 r  clk_IBUF_BUFG_inst/O
                         net (fo=201, routed)         0.558     1.441    screen1/clk_IBUF_BUFG
    SLICE_X41Y33         FDRE                                         r  screen1/game_state_reg[2]/C
  -------------------------------------------------------------------    -------------------
    SLICE_X41Y33         FDRE (Prop_fdre_C_Q)         0.128     1.569 r  screen1/game_state_reg[2]/Q
                         net (fo=7, routed)           0.329     1.899    JB_OLED/game_state[2]
    SLICE_X34Y31         LUT6 (Prop_lut6_I4_O)        0.099     1.998 r  JB_OLED/oled_data[15]_i_1__0/O
                         net (fo=1, routed)           0.000     1.998    screen2/D[5]
    SLICE_X34Y31         FDRE                                         r  screen2/oled_data_reg[15]/D
  -------------------------------------------------------------------    -------------------

                         (clock sys_clk_pin rise edge)
                                                      0.000     0.000 r  
    W5                                                0.000     0.000 r  clk (IN)
                         net (fo=0)                   0.000     0.000    clk
    W5                   IBUF (Prop_ibuf_I_O)         0.414     0.414 r  clk_IBUF_inst/O
                         net (fo=1, routed)           0.685     1.099    clk_IBUF
    BUFGCTRL_X0Y0        BUFG (Prop_bufg_I_O)         0.029     1.128 r  clk_IBUF_BUFG_inst/O
                         net (fo=201, routed)         0.822     1.949    screen2/clk_IBUF_BUFG
    SLICE_X34Y31         FDRE                                         r  screen2/oled_data_reg[15]/C
                         clock pessimism             -0.249     1.700    
    SLICE_X34Y31         FDRE (Hold_fdre_C_D)         0.121     1.821    screen2/oled_data_reg[15]
  -------------------------------------------------------------------
                         required time                         -1.821    
                         arrival time                           1.998    
  -------------------------------------------------------------------
                         slack                                  0.176    

Slack (MET) :             0.182ns  (arrival time - required time)
  Source:                 timer/noise_reg_reg[12]/C
                            (rising edge-triggered cell FDRE clocked by sys_clk_pin  {rise@0.000ns fall@5.000ns period=10.000ns})
  Destination:            timer/noise_reg_reg[13]/D
                            (rising edge-triggered cell FDRE clocked by sys_clk_pin  {rise@0.000ns fall@5.000ns period=10.000ns})
  Path Group:             sys_clk_pin
  Path Type:              Hold (Min at Fast Process Corner)
  Requirement:            0.000ns  (sys_clk_pin rise@0.000ns - sys_clk_pin rise@0.000ns)
  Data Path Delay:        0.270ns  (logic 0.141ns (52.204%)  route 0.129ns (47.796%))
  Logic Levels:           0  
  Clock Path Skew:        0.013ns (DCD - SCD - CPR)
    Destination Clock Delay (DCD):    1.945ns
    Source Clock Delay      (SCD):    1.434ns
    Clock Pessimism Removal (CPR):    0.498ns

    Location             Delay type                Incr(ns)  Path(ns)    Netlist Resource(s)
  -------------------------------------------------------------------    -------------------
                         (clock sys_clk_pin rise edge)
                                                      0.000     0.000 r  
    W5                                                0.000     0.000 r  clk (IN)
                         net (fo=0)                   0.000     0.000    clk
    W5                   IBUF (Prop_ibuf_I_O)         0.226     0.226 r  clk_IBUF_inst/O
                         net (fo=1, routed)           0.631     0.858    clk_IBUF
    BUFGCTRL_X0Y0        BUFG (Prop_bufg_I_O)         0.026     0.884 r  clk_IBUF_BUFG_inst/O
                         net (fo=201, routed)         0.551     1.434    timer/clk_IBUF_BUFG
    SLICE_X44Y24         FDRE                                         r  timer/noise_reg_reg[12]/C
  -------------------------------------------------------------------    -------------------
    SLICE_X44Y24         FDRE (Prop_fdre_C_Q)         0.141     1.575 r  timer/noise_reg_reg[12]/Q
                         net (fo=2, routed)           0.129     1.704    timer/noise_reg_reg_n_0_[12]
    SLICE_X45Y24         FDRE                                         r  timer/noise_reg_reg[13]/D
  -------------------------------------------------------------------    -------------------

                         (clock sys_clk_pin rise edge)
                                                      0.000     0.000 r  
    W5                                                0.000     0.000 r  clk (IN)
                         net (fo=0)                   0.000     0.000    clk
    W5                   IBUF (Prop_ibuf_I_O)         0.414     0.414 r  clk_IBUF_inst/O
                         net (fo=1, routed)           0.685     1.099    clk_IBUF
    BUFGCTRL_X0Y0        BUFG (Prop_bufg_I_O)         0.029     1.128 r  clk_IBUF_BUFG_inst/O
                         net (fo=201, routed)         0.818     1.945    timer/clk_IBUF_BUFG
    SLICE_X45Y24         FDRE                                         r  timer/noise_reg_reg[13]/C
                         clock pessimism             -0.498     1.447    
    SLICE_X45Y24         FDRE (Hold_fdre_C_D)         0.075     1.522    timer/noise_reg_reg[13]
  -------------------------------------------------------------------
                         required time                         -1.522    
                         arrival time                           1.704    
  -------------------------------------------------------------------
                         slack                                  0.182    

Slack (MET) :             0.205ns  (arrival time - required time)
  Source:                 timer/noise_reg_reg[13]/C
                            (rising edge-triggered cell FDRE clocked by sys_clk_pin  {rise@0.000ns fall@5.000ns period=10.000ns})
  Destination:            timer/noise_reg_reg[0]/D
                            (rising edge-triggered cell FDRE clocked by sys_clk_pin  {rise@0.000ns fall@5.000ns period=10.000ns})
  Path Group:             sys_clk_pin
  Path Type:              Hold (Min at Fast Process Corner)
  Requirement:            0.000ns  (sys_clk_pin rise@0.000ns - sys_clk_pin rise@0.000ns)
  Data Path Delay:        0.296ns  (logic 0.227ns (76.806%)  route 0.069ns (23.194%))
  Logic Levels:           1  (LUT4=1)
  Clock Path Skew:        0.000ns (DCD - SCD - CPR)
    Destination Clock Delay (DCD):    1.945ns
    Source Clock Delay      (SCD):    1.434ns
    Clock Pessimism Removal (CPR):    0.511ns

    Location             Delay type                Incr(ns)  Path(ns)    Netlist Resource(s)
  -------------------------------------------------------------------    -------------------
                         (clock sys_clk_pin rise edge)
                                                      0.000     0.000 r  
    W5                                                0.000     0.000 r  clk (IN)
                         net (fo=0)                   0.000     0.000    clk
    W5                   IBUF (Prop_ibuf_I_O)         0.226     0.226 r  clk_IBUF_inst/O
                         net (fo=1, routed)           0.631     0.858    clk_IBUF
    BUFGCTRL_X0Y0        BUFG (Prop_bufg_I_O)         0.026     0.884 r  clk_IBUF_BUFG_inst/O
                         net (fo=201, routed)         0.551     1.434    timer/clk_IBUF_BUFG
    SLICE_X45Y24         FDRE                                         r  timer/noise_reg_reg[13]/C
  -------------------------------------------------------------------    -------------------
    SLICE_X45Y24         FDRE (Prop_fdre_C_Q)         0.128     1.562 r  timer/noise_reg_reg[13]/Q
                         net (fo=2, routed)           0.069     1.631    timer/noise_reg_reg_n_0_[13]
    SLICE_X45Y24         LUT4 (Prop_lut4_I1_O)        0.099     1.730 r  timer/p_0_out/O
                         net (fo=1, routed)           0.000     1.730    timer/p_0_out__0[0]
    SLICE_X45Y24         FDRE                                         r  timer/noise_reg_reg[0]/D
  -------------------------------------------------------------------    -------------------

                         (clock sys_clk_pin rise edge)
                                                      0.000     0.000 r  
    W5                                                0.000     0.000 r  clk (IN)
                         net (fo=0)                   0.000     0.000    clk
    W5                   IBUF (Prop_ibuf_I_O)         0.414     0.414 r  clk_IBUF_inst/O
                         net (fo=1, routed)           0.685     1.099    clk_IBUF
    BUFGCTRL_X0Y0        BUFG (Prop_bufg_I_O)         0.029     1.128 r  clk_IBUF_BUFG_inst/O
                         net (fo=201, routed)         0.818     1.945    timer/clk_IBUF_BUFG
    SLICE_X45Y24         FDRE                                         r  timer/noise_reg_reg[0]/C
                         clock pessimism             -0.511     1.434    
    SLICE_X45Y24         FDRE (Hold_fdre_C_D)         0.091     1.525    timer/noise_reg_reg[0]
  -------------------------------------------------------------------
                         required time                         -1.525    
                         arrival time                           1.730    
  -------------------------------------------------------------------
                         slack                                  0.205    

Slack (MET) :             0.208ns  (arrival time - required time)
  Source:                 clk_count_reg[0]/C
                            (rising edge-triggered cell FDRE clocked by sys_clk_pin  {rise@0.000ns fall@5.000ns period=10.000ns})
  Destination:            clk6p25m_reg/D
                            (rising edge-triggered cell FDRE clocked by sys_clk_pin  {rise@0.000ns fall@5.000ns period=10.000ns})
  Path Group:             sys_clk_pin
  Path Type:              Hold (Min at Fast Process Corner)
  Requirement:            0.000ns  (sys_clk_pin rise@0.000ns - sys_clk_pin rise@0.000ns)
  Data Path Delay:        0.363ns  (logic 0.186ns (51.216%)  route 0.177ns (48.784%))
  Logic Levels:           1  (LUT4=1)
  Clock Path Skew:        0.035ns (DCD - SCD - CPR)
    Destination Clock Delay (DCD):    1.960ns
    Source Clock Delay      (SCD):    1.447ns
    Clock Pessimism Removal (CPR):    0.478ns

    Location             Delay type                Incr(ns)  Path(ns)    Netlist Resource(s)
  -------------------------------------------------------------------    -------------------
                         (clock sys_clk_pin rise edge)
                                                      0.000     0.000 r  
    W5                                                0.000     0.000 r  clk (IN)
                         net (fo=0)                   0.000     0.000    clk
    W5                   IBUF (Prop_ibuf_I_O)         0.226     0.226 r  clk_IBUF_inst/O
                         net (fo=1, routed)           0.631     0.858    clk_IBUF
    BUFGCTRL_X0Y0        BUFG (Prop_bufg_I_O)         0.026     0.884 r  clk_IBUF_BUFG_inst/O
                         net (fo=201, routed)         0.564     1.447    clk_IBUF_BUFG
    SLICE_X29Y47         FDRE                                         r  clk_count_reg[0]/C
  -------------------------------------------------------------------    -------------------
    SLICE_X29Y47         FDRE (Prop_fdre_C_Q)         0.141     1.588 r  clk_count_reg[0]/Q
                         net (fo=5, routed)           0.177     1.765    clk_count[0]
    SLICE_X30Y47         LUT4 (Prop_lut4_I0_O)        0.045     1.810 r  clk6p25m_i_1/O
                         net (fo=1, routed)           0.000     1.810    clk6p25m_i_1_n_0
    SLICE_X30Y47         FDRE                                         r  clk6p25m_reg/D
  -------------------------------------------------------------------    -------------------

                         (clock sys_clk_pin rise edge)
                                                      0.000     0.000 r  
    W5                                                0.000     0.000 r  clk (IN)
                         net (fo=0)                   0.000     0.000    clk
    W5                   IBUF (Prop_ibuf_I_O)         0.414     0.414 r  clk_IBUF_inst/O
                         net (fo=1, routed)           0.685     1.099    clk_IBUF
    BUFGCTRL_X0Y0        BUFG (Prop_bufg_I_O)         0.029     1.128 r  clk_IBUF_BUFG_inst/O
                         net (fo=201, routed)         0.833     1.960    clk_IBUF_BUFG
    SLICE_X30Y47         FDRE                                         r  clk6p25m_reg/C
                         clock pessimism             -0.478     1.482    
    SLICE_X30Y47         FDRE (Hold_fdre_C_D)         0.120     1.602    clk6p25m_reg
  -------------------------------------------------------------------
                         required time                         -1.602    
                         arrival time                           1.810    
  -------------------------------------------------------------------
                         slack                                  0.208    

Slack (MET) :             0.220ns  (arrival time - required time)
  Source:                 timer/s0_reg[0]/C
                            (rising edge-triggered cell FDRE clocked by sys_clk_pin  {rise@0.000ns fall@5.000ns period=10.000ns})
  Destination:            timer/s0_reg[3]/D
                            (rising edge-triggered cell FDRE clocked by sys_clk_pin  {rise@0.000ns fall@5.000ns period=10.000ns})
  Path Group:             sys_clk_pin
  Path Type:              Hold (Min at Fast Process Corner)
  Requirement:            0.000ns  (sys_clk_pin rise@0.000ns - sys_clk_pin rise@0.000ns)
  Data Path Delay:        0.364ns  (logic 0.189ns (51.865%)  route 0.175ns (48.135%))
  Logic Levels:           1  (LUT4=1)
  Clock Path Skew:        0.013ns (DCD - SCD - CPR)
    Destination Clock Delay (DCD):    1.949ns
    Source Clock Delay      (SCD):    1.437ns
    Clock Pessimism Removal (CPR):    0.499ns

    Location             Delay type                Incr(ns)  Path(ns)    Netlist Resource(s)
  -------------------------------------------------------------------    -------------------
                         (clock sys_clk_pin rise edge)
                                                      0.000     0.000 r  
    W5                                                0.000     0.000 r  clk (IN)
                         net (fo=0)                   0.000     0.000    clk
    W5                   IBUF (Prop_ibuf_I_O)         0.226     0.226 r  clk_IBUF_inst/O
                         net (fo=1, routed)           0.631     0.858    clk_IBUF
    BUFGCTRL_X0Y0        BUFG (Prop_bufg_I_O)         0.026     0.884 r  clk_IBUF_BUFG_inst/O
                         net (fo=201, routed)         0.554     1.437    timer/clk_IBUF_BUFG
    SLICE_X51Y26         FDRE                                         r  timer/s0_reg[0]/C
  -------------------------------------------------------------------    -------------------
    SLICE_X51Y26         FDRE (Prop_fdre_C_Q)         0.141     1.578 r  timer/s0_reg[0]/Q
                         net (fo=9, routed)           0.175     1.754    timer/s0[0]
    SLICE_X52Y26         LUT4 (Prop_lut4_I3_O)        0.048     1.802 r  timer/s0[3]_i_2/O
                         net (fo=1, routed)           0.000     1.802    timer/s0[3]_i_2_n_0
    SLICE_X52Y26         FDRE                                         r  timer/s0_reg[3]/D
  -------------------------------------------------------------------    -------------------

                         (clock sys_clk_pin rise edge)
                                                      0.000     0.000 r  
    W5                                                0.000     0.000 r  clk (IN)
                         net (fo=0)                   0.000     0.000    clk
    W5                   IBUF (Prop_ibuf_I_O)         0.414     0.414 r  clk_IBUF_inst/O
                         net (fo=1, routed)           0.685     1.099    clk_IBUF
    BUFGCTRL_X0Y0        BUFG (Prop_bufg_I_O)         0.029     1.128 r  clk_IBUF_BUFG_inst/O
                         net (fo=201, routed)         0.822     1.949    timer/clk_IBUF_BUFG
    SLICE_X52Y26         FDRE                                         r  timer/s0_reg[3]/C
                         clock pessimism             -0.499     1.450    
    SLICE_X52Y26         FDRE (Hold_fdre_C_D)         0.131     1.581    timer/s0_reg[3]
  -------------------------------------------------------------------
                         required time                         -1.581    
                         arrival time                           1.802    
  -------------------------------------------------------------------
                         slack                                  0.220    

Slack (MET) :             0.228ns  (arrival time - required time)
  Source:                 timer/s0_reg[0]/C
                            (rising edge-triggered cell FDRE clocked by sys_clk_pin  {rise@0.000ns fall@5.000ns period=10.000ns})
  Destination:            timer/s0_reg[1]/D
                            (rising edge-triggered cell FDRE clocked by sys_clk_pin  {rise@0.000ns fall@5.000ns period=10.000ns})
  Path Group:             sys_clk_pin
  Path Type:              Hold (Min at Fast Process Corner)
  Requirement:            0.000ns  (sys_clk_pin rise@0.000ns - sys_clk_pin rise@0.000ns)
  Data Path Delay:        0.361ns  (logic 0.186ns (51.465%)  route 0.175ns (48.535%))
  Logic Levels:           1  (LUT4=1)
  Clock Path Skew:        0.013ns (DCD - SCD - CPR)
    Destination Clock Delay (DCD):    1.949ns
    Source Clock Delay      (SCD):    1.437ns
    Clock Pessimism Removal (CPR):    0.499ns

    Location             Delay type                Incr(ns)  Path(ns)    Netlist Resource(s)
  -------------------------------------------------------------------    -------------------
                         (clock sys_clk_pin rise edge)
                                                      0.000     0.000 r  
    W5                                                0.000     0.000 r  clk (IN)
                         net (fo=0)                   0.000     0.000    clk
    W5                   IBUF (Prop_ibuf_I_O)         0.226     0.226 r  clk_IBUF_inst/O
                         net (fo=1, routed)           0.631     0.858    clk_IBUF
    BUFGCTRL_X0Y0        BUFG (Prop_bufg_I_O)         0.026     0.884 r  clk_IBUF_BUFG_inst/O
                         net (fo=201, routed)         0.554     1.437    timer/clk_IBUF_BUFG
    SLICE_X51Y26         FDRE                                         r  timer/s0_reg[0]/C
  -------------------------------------------------------------------    -------------------
    SLICE_X51Y26         FDRE (Prop_fdre_C_Q)         0.141     1.578 r  timer/s0_reg[0]/Q
                         net (fo=9, routed)           0.175     1.754    timer/s0[0]
    SLICE_X52Y26         LUT4 (Prop_lut4_I1_O)        0.045     1.799 r  timer/s0[1]_i_1/O
                         net (fo=1, routed)           0.000     1.799    timer/s0[1]_i_1_n_0
    SLICE_X52Y26         FDRE                                         r  timer/s0_reg[1]/D
  -------------------------------------------------------------------    -------------------

                         (clock sys_clk_pin rise edge)
                                                      0.000     0.000 r  
    W5                                                0.000     0.000 r  clk (IN)
                         net (fo=0)                   0.000     0.000    clk
    W5                   IBUF (Prop_ibuf_I_O)         0.414     0.414 r  clk_IBUF_inst/O
                         net (fo=1, routed)           0.685     1.099    clk_IBUF
    BUFGCTRL_X0Y0        BUFG (Prop_bufg_I_O)         0.029     1.128 r  clk_IBUF_BUFG_inst/O
                         net (fo=201, routed)         0.822     1.949    timer/clk_IBUF_BUFG
    SLICE_X52Y26         FDRE                                         r  timer/s0_reg[1]/C
                         clock pessimism             -0.499     1.450    
    SLICE_X52Y26         FDRE (Hold_fdre_C_D)         0.120     1.570    timer/s0_reg[1]
  -------------------------------------------------------------------
                         required time                         -1.570    
                         arrival time                           1.799    
  -------------------------------------------------------------------
                         slack                                  0.228    

Slack (MET) :             0.236ns  (arrival time - required time)
  Source:                 timer/audio_timer_reg[5]/C
                            (rising edge-triggered cell FDSE clocked by sys_clk_pin  {rise@0.000ns fall@5.000ns period=10.000ns})
  Destination:            timer/audio_timer_reg[6]/D
                            (rising edge-triggered cell FDSE clocked by sys_clk_pin  {rise@0.000ns fall@5.000ns period=10.000ns})
  Path Group:             sys_clk_pin
  Path Type:              Hold (Min at Fast Process Corner)
  Requirement:            0.000ns  (sys_clk_pin rise@0.000ns - sys_clk_pin rise@0.000ns)
  Data Path Delay:        0.341ns  (logic 0.265ns (77.613%)  route 0.076ns (22.387%))
  Logic Levels:           1  (CARRY4=1)
  Clock Path Skew:        0.000ns (DCD - SCD - CPR)
    Destination Clock Delay (DCD):    1.948ns
    Source Clock Delay      (SCD):    1.437ns
    Clock Pessimism Removal (CPR):    0.511ns

    Location             Delay type                Incr(ns)  Path(ns)    Netlist Resource(s)
  -------------------------------------------------------------------    -------------------
                         (clock sys_clk_pin rise edge)
                                                      0.000     0.000 r  
    W5                                                0.000     0.000 r  clk (IN)
                         net (fo=0)                   0.000     0.000    clk
    W5                   IBUF (Prop_ibuf_I_O)         0.226     0.226 r  clk_IBUF_inst/O
                         net (fo=1, routed)           0.631     0.858    clk_IBUF
    BUFGCTRL_X0Y0        BUFG (Prop_bufg_I_O)         0.026     0.884 r  clk_IBUF_BUFG_inst/O
                         net (fo=201, routed)         0.554     1.437    timer/clk_IBUF_BUFG
    SLICE_X48Y26         FDSE                                         r  timer/audio_timer_reg[5]/C
  -------------------------------------------------------------------    -------------------
    SLICE_X48Y26         FDSE (Prop_fdse_C_Q)         0.141     1.578 r  timer/audio_timer_reg[5]/Q
                         net (fo=3, routed)           0.076     1.655    timer/audio_timer[5]
    SLICE_X48Y26         CARRY4 (Prop_carry4_DI[0]_O[1])
                                                      0.124     1.779 r  timer/audio_timer0_inferred__0/i__carry__0/O[1]
                         net (fo=1, routed)           0.000     1.779    timer/audio_timer0[6]
    SLICE_X48Y26         FDSE                                         r  timer/audio_timer_reg[6]/D
  -------------------------------------------------------------------    -------------------

                         (clock sys_clk_pin rise edge)
                                                      0.000     0.000 r  
    W5                                                0.000     0.000 r  clk (IN)
                         net (fo=0)                   0.000     0.000    clk
    W5                   IBUF (Prop_ibuf_I_O)         0.414     0.414 r  clk_IBUF_inst/O
                         net (fo=1, routed)           0.685     1.099    clk_IBUF
    BUFGCTRL_X0Y0        BUFG (Prop_bufg_I_O)         0.029     1.128 r  clk_IBUF_BUFG_inst/O
                         net (fo=201, routed)         0.821     1.948    timer/clk_IBUF_BUFG
    SLICE_X48Y26         FDSE                                         r  timer/audio_timer_reg[6]/C
                         clock pessimism             -0.511     1.437    
    SLICE_X48Y26         FDSE (Hold_fdse_C_D)         0.105     1.542    timer/audio_timer_reg[6]
  -------------------------------------------------------------------
                         required time                         -1.542    
                         arrival time                           1.779    
  -------------------------------------------------------------------
                         slack                                  0.236    

Slack (MET) :             0.244ns  (arrival time - required time)
  Source:                 timer/audio_timer_reg[3]/C
                            (rising edge-triggered cell FDSE clocked by sys_clk_pin  {rise@0.000ns fall@5.000ns period=10.000ns})
  Destination:            timer/audio_timer_reg[4]/D
                            (rising edge-triggered cell FDSE clocked by sys_clk_pin  {rise@0.000ns fall@5.000ns period=10.000ns})
  Path Group:             sys_clk_pin
  Path Type:              Hold (Min at Fast Process Corner)
  Requirement:            0.000ns  (sys_clk_pin rise@0.000ns - sys_clk_pin rise@0.000ns)
  Data Path Delay:        0.349ns  (logic 0.268ns (76.846%)  route 0.081ns (23.154%))
  Logic Levels:           1  (CARRY4=1)
  Clock Path Skew:        0.000ns (DCD - SCD - CPR)
    Destination Clock Delay (DCD):    1.947ns
    Source Clock Delay      (SCD):    1.436ns
    Clock Pessimism Removal (CPR):    0.511ns

    Location             Delay type                Incr(ns)  Path(ns)    Netlist Resource(s)
  -------------------------------------------------------------------    -------------------
                         (clock sys_clk_pin rise edge)
                                                      0.000     0.000 r  
    W5                                                0.000     0.000 r  clk (IN)
                         net (fo=0)                   0.000     0.000    clk
    W5                   IBUF (Prop_ibuf_I_O)         0.226     0.226 r  clk_IBUF_inst/O
                         net (fo=1, routed)           0.631     0.858    clk_IBUF
    BUFGCTRL_X0Y0        BUFG (Prop_bufg_I_O)         0.026     0.884 r  clk_IBUF_BUFG_inst/O
                         net (fo=201, routed)         0.553     1.436    timer/clk_IBUF_BUFG
    SLICE_X48Y25         FDSE                                         r  timer/audio_timer_reg[3]/C
  -------------------------------------------------------------------    -------------------
    SLICE_X48Y25         FDSE (Prop_fdse_C_Q)         0.141     1.577 r  timer/audio_timer_reg[3]/Q
                         net (fo=3, routed)           0.081     1.658    timer/audio_timer[3]
    SLICE_X48Y25         CARRY4 (Prop_carry4_DI[2]_O[3])
                                                      0.127     1.785 r  timer/audio_timer0_inferred__0/i__carry/O[3]
                         net (fo=1, routed)           0.000     1.785    timer/audio_timer0[4]
    SLICE_X48Y25         FDSE                                         r  timer/audio_timer_reg[4]/D
  -------------------------------------------------------------------    -------------------

                         (clock sys_clk_pin rise edge)
                                                      0.000     0.000 r  
    W5                                                0.000     0.000 r  clk (IN)
                         net (fo=0)                   0.000     0.000    clk
    W5                   IBUF (Prop_ibuf_I_O)         0.414     0.414 r  clk_IBUF_inst/O
                         net (fo=1, routed)           0.685     1.099    clk_IBUF
    BUFGCTRL_X0Y0        BUFG (Prop_bufg_I_O)         0.029     1.128 r  clk_IBUF_BUFG_inst/O
                         net (fo=201, routed)         0.820     1.947    timer/clk_IBUF_BUFG
    SLICE_X48Y25         FDSE                                         r  timer/audio_timer_reg[4]/C
                         clock pessimism             -0.511     1.436    
    SLICE_X48Y25         FDSE (Hold_fdse_C_D)         0.105     1.541    timer/audio_timer_reg[4]
  -------------------------------------------------------------------
                         required time                         -1.541    
                         arrival time                           1.785    
  -------------------------------------------------------------------
                         slack                                  0.244    

Slack (MET) :             0.244ns  (arrival time - required time)
  Source:                 timer/audio_timer_reg[11]/C
                            (rising edge-triggered cell FDSE clocked by sys_clk_pin  {rise@0.000ns fall@5.000ns period=10.000ns})
  Destination:            timer/audio_timer_reg[12]/D
                            (rising edge-triggered cell FDSE clocked by sys_clk_pin  {rise@0.000ns fall@5.000ns period=10.000ns})
  Path Group:             sys_clk_pin
  Path Type:              Hold (Min at Fast Process Corner)
  Requirement:            0.000ns  (sys_clk_pin rise@0.000ns - sys_clk_pin rise@0.000ns)
  Data Path Delay:        0.349ns  (logic 0.268ns (76.800%)  route 0.081ns (23.200%))
  Logic Levels:           1  (CARRY4=1)
  Clock Path Skew:        0.000ns (DCD - SCD - CPR)
    Destination Clock Delay (DCD):    1.950ns
    Source Clock Delay      (SCD):    1.439ns
    Clock Pessimism Removal (CPR):    0.511ns

    Location             Delay type                Incr(ns)  Path(ns)    Netlist Resource(s)
  -------------------------------------------------------------------    -------------------
                         (clock sys_clk_pin rise edge)
                                                      0.000     0.000 r  
    W5                                                0.000     0.000 r  clk (IN)
                         net (fo=0)                   0.000     0.000    clk
    W5                   IBUF (Prop_ibuf_I_O)         0.226     0.226 r  clk_IBUF_inst/O
                         net (fo=1, routed)           0.631     0.858    clk_IBUF
    BUFGCTRL_X0Y0        BUFG (Prop_bufg_I_O)         0.026     0.884 r  clk_IBUF_BUFG_inst/O
                         net (fo=201, routed)         0.556     1.439    timer/clk_IBUF_BUFG
    SLICE_X48Y27         FDSE                                         r  timer/audio_timer_reg[11]/C
  -------------------------------------------------------------------    -------------------
    SLICE_X48Y27         FDSE (Prop_fdse_C_Q)         0.141     1.580 r  timer/audio_timer_reg[11]/Q
                         net (fo=3, routed)           0.081     1.661    timer/audio_timer[11]
    SLICE_X48Y27         CARRY4 (Prop_carry4_DI[2]_O[3])
                                                      0.127     1.788 r  timer/audio_timer0_inferred__0/i__carry__1/O[3]
                         net (fo=1, routed)           0.000     1.788    timer/audio_timer0[12]
    SLICE_X48Y27         FDSE                                         r  timer/audio_timer_reg[12]/D
  -------------------------------------------------------------------    -------------------

                         (clock sys_clk_pin rise edge)
                                                      0.000     0.000 r  
    W5                                                0.000     0.000 r  clk (IN)
                         net (fo=0)                   0.000     0.000    clk
    W5                   IBUF (Prop_ibuf_I_O)         0.414     0.414 r  clk_IBUF_inst/O
                         net (fo=1, routed)           0.685     1.099    clk_IBUF
    BUFGCTRL_X0Y0        BUFG (Prop_bufg_I_O)         0.029     1.128 r  clk_IBUF_BUFG_inst/O
                         net (fo=201, routed)         0.823     1.950    timer/clk_IBUF_BUFG
    SLICE_X48Y27         FDSE                                         r  timer/audio_timer_reg[12]/C
                         clock pessimism             -0.511     1.439    
    SLICE_X48Y27         FDSE (Hold_fdse_C_D)         0.105     1.544    timer/audio_timer_reg[12]
  -------------------------------------------------------------------
                         required time                         -1.544    
                         arrival time                           1.788    
  -------------------------------------------------------------------
                         slack                                  0.244    

Slack (MET) :             0.245ns  (arrival time - required time)
  Source:                 timer/audio_timer_reg[7]/C
                            (rising edge-triggered cell FDSE clocked by sys_clk_pin  {rise@0.000ns fall@5.000ns period=10.000ns})
  Destination:            timer/audio_timer_reg[8]/D
                            (rising edge-triggered cell FDSE clocked by sys_clk_pin  {rise@0.000ns fall@5.000ns period=10.000ns})
  Path Group:             sys_clk_pin
  Path Type:              Hold (Min at Fast Process Corner)
  Requirement:            0.000ns  (sys_clk_pin rise@0.000ns - sys_clk_pin rise@0.000ns)
  Data Path Delay:        0.350ns  (logic 0.268ns (76.574%)  route 0.082ns (23.426%))
  Logic Levels:           1  (CARRY4=1)
  Clock Path Skew:        0.000ns (DCD - SCD - CPR)
    Destination Clock Delay (DCD):    1.948ns
    Source Clock Delay      (SCD):    1.437ns
    Clock Pessimism Removal (CPR):    0.511ns

    Location             Delay type                Incr(ns)  Path(ns)    Netlist Resource(s)
  -------------------------------------------------------------------    -------------------
                         (clock sys_clk_pin rise edge)
                                                      0.000     0.000 r  
    W5                                                0.000     0.000 r  clk (IN)
                         net (fo=0)                   0.000     0.000    clk
    W5                   IBUF (Prop_ibuf_I_O)         0.226     0.226 r  clk_IBUF_inst/O
                         net (fo=1, routed)           0.631     0.858    clk_IBUF
    BUFGCTRL_X0Y0        BUFG (Prop_bufg_I_O)         0.026     0.884 r  clk_IBUF_BUFG_inst/O
                         net (fo=201, routed)         0.554     1.437    timer/clk_IBUF_BUFG
    SLICE_X48Y26         FDSE                                         r  timer/audio_timer_reg[7]/C
  -------------------------------------------------------------------    -------------------
    SLICE_X48Y26         FDSE (Prop_fdse_C_Q)         0.141     1.578 r  timer/audio_timer_reg[7]/Q
                         net (fo=3, routed)           0.082     1.660    timer/audio_timer[7]
    SLICE_X48Y26         CARRY4 (Prop_carry4_DI[2]_O[3])
                                                      0.127     1.787 r  timer/audio_timer0_inferred__0/i__carry__0/O[3]
                         net (fo=1, routed)           0.000     1.787    timer/audio_timer0[8]
    SLICE_X48Y26         FDSE                                         r  timer/audio_timer_reg[8]/D
  -------------------------------------------------------------------    -------------------

                         (clock sys_clk_pin rise edge)
                                                      0.000     0.000 r  
    W5                                                0.000     0.000 r  clk (IN)
                         net (fo=0)                   0.000     0.000    clk
    W5                   IBUF (Prop_ibuf_I_O)         0.414     0.414 r  clk_IBUF_inst/O
                         net (fo=1, routed)           0.685     1.099    clk_IBUF
    BUFGCTRL_X0Y0        BUFG (Prop_bufg_I_O)         0.029     1.128 r  clk_IBUF_BUFG_inst/O
                         net (fo=201, routed)         0.821     1.948    timer/clk_IBUF_BUFG
    SLICE_X48Y26         FDSE                                         r  timer/audio_timer_reg[8]/C
                         clock pessimism             -0.511     1.437    
    SLICE_X48Y26         FDSE (Hold_fdse_C_D)         0.105     1.542    timer/audio_timer_reg[8]
  -------------------------------------------------------------------
                         required time                         -1.542    
                         arrival time                           1.787    
  -------------------------------------------------------------------
                         slack                                  0.245    





Pulse Width Checks
--------------------------------------------------------------------------------------
Clock Name:         sys_clk_pin
Waveform(ns):       { 0.000 5.000 }
Period(ns):         10.000
Sources:            { clk }

Check Type        Corner  Lib Pin     Reference Pin  Required(ns)  Actual(ns)  Slack(ns)  Location       Pin
Min Period        n/a     BUFG/I      n/a            2.155         10.000      7.845      BUFGCTRL_X0Y0  clk_IBUF_BUFG_inst/I
Min Period        n/a     FDSE/C      n/a            1.000         10.000      9.000      SLICE_X49Y25   timer/audio_timer_reg[0]/C
Min Period        n/a     FDSE/C      n/a            1.000         10.000      9.000      SLICE_X48Y27   timer/audio_timer_reg[10]/C
Min Period        n/a     FDSE/C      n/a            1.000         10.000      9.000      SLICE_X48Y27   timer/audio_timer_reg[11]/C
Min Period        n/a     FDSE/C      n/a            1.000         10.000      9.000      SLICE_X48Y27   timer/audio_timer_reg[12]/C
Min Period        n/a     FDSE/C      n/a            1.000         10.000      9.000      SLICE_X48Y28   timer/audio_timer_reg[13]/C
Min Period        n/a     FDSE/C      n/a            1.000         10.000      9.000      SLICE_X48Y28   timer/audio_timer_reg[14]/C
Min Period        n/a     FDRE/C      n/a            1.000         10.000      9.000      SLICE_X49Y27   timer/audio_timer_reg[15]/C
Min Period        n/a     FDSE/C      n/a            1.000         10.000      9.000      SLICE_X48Y25   timer/audio_timer_reg[1]/C
Min Period        n/a     FDSE/C      n/a            1.000         10.000      9.000      SLICE_X48Y25   timer/audio_timer_reg[2]/C
Low Pulse Width   Slow    SRL16E/CLK  n/a            0.980         5.000       4.020      SLICE_X46Y24   timer/noise_reg_reg[9]_srl9/CLK
Low Pulse Width   Fast    SRL16E/CLK  n/a            0.980         5.000       4.020      SLICE_X46Y24   timer/noise_reg_reg[9]_srl9/CLK
Low Pulse Width   Slow    FDRE/C      n/a            0.500         5.000       4.500      SLICE_X30Y47   clk6p25m_reg/C
Low Pulse Width   Slow    FDRE/C      n/a            0.500         5.000       4.500      SLICE_X38Y46   screen1/oled_data_reg[0]/C
Low Pulse Width   Slow    FDRE/C      n/a            0.500         5.000       4.500      SLICE_X46Y42   screen1/oled_data_reg[13]/C
Low Pulse Width   Slow    FDSE/C      n/a            0.500         5.000       4.500      SLICE_X41Y42   screen1/oled_data_reg[14]/C
Low Pulse Width   Slow    FDSE/C      n/a            0.500         5.000       4.500      SLICE_X47Y42   screen1/oled_data_reg[2]/C
Low Pulse Width   Slow    FDRE/C      n/a            0.500         5.000       4.500      SLICE_X40Y42   screen1/oled_data_reg[3]/C
Low Pulse Width   Slow    FDRE/C      n/a            0.500         5.000       4.500      SLICE_X39Y47   screen1/oled_data_reg[6]/C
Low Pulse Width   Slow    FDSE/C      n/a            0.500         5.000       4.500      SLICE_X47Y42   screen1/oled_data_reg[8]/C
High Pulse Width  Fast    SRL16E/CLK  n/a            0.980         5.000       4.020      SLICE_X46Y24   timer/noise_reg_reg[9]_srl9/CLK
High Pulse Width  Slow    SRL16E/CLK  n/a            0.980         5.000       4.020      SLICE_X46Y24   timer/noise_reg_reg[9]_srl9/CLK
High Pulse Width  Slow    FDSE/C      n/a            0.500         5.000       4.500      SLICE_X49Y25   timer/audio_timer_reg[0]/C
High Pulse Width  Slow    FDSE/C      n/a            0.500         5.000       4.500      SLICE_X48Y25   timer/audio_timer_reg[1]/C
High Pulse Width  Slow    FDSE/C      n/a            0.500         5.000       4.500      SLICE_X48Y25   timer/audio_timer_reg[2]/C
High Pulse Width  Slow    FDSE/C      n/a            0.500         5.000       4.500      SLICE_X48Y25   timer/audio_timer_reg[3]/C
High Pulse Width  Slow    FDSE/C      n/a            0.500         5.000       4.500      SLICE_X48Y25   timer/audio_timer_reg[4]/C
High Pulse Width  Fast    FDRE/C      n/a            0.500         5.000       4.500      SLICE_X45Y24   timer/noise_reg_reg[15]/C
High Pulse Width  Fast    FDRE/C      n/a            0.500         5.000       4.500      SLICE_X54Y27   timer/refresh_counter_reg[12]/C
High Pulse Width  Fast    FDRE/C      n/a            0.500         5.000       4.500      SLICE_X54Y27   timer/refresh_counter_reg[13]/C



