
*** Running vivado
    with args -log Top_Student.vds -m64 -product Vivado -mode batch -messageDb vivado.pb -notrace -source Top_Student.tcl


****** Vivado v2018.2 (64-bit)
  **** SW Build 2258646 on Thu Jun 14 20:03:12 MDT 2018
  **** IP Build 2256618 on Thu Jun 14 22:10:49 MDT 2018
    ** Copyright 1986-2018 Xilinx, Inc. All Rights Reserved.

source Top_Student.tcl -notrace
Command: synth_design -top Top_Student -part xc7a35tcpg236-1
Starting synth_design
Attempting to get a license for feature 'Synthesis' and/or device 'xc7a35t'
INFO: [Common 17-349] Got license for feature 'Synthesis' and/or device 'xc7a35t'
INFO: Launching helper process for spawning children vivado processes
INFO: Helper process launched with PID 19740 
---------------------------------------------------------------------------------
Starting RTL Elaboration : Time (s): cpu = 00:00:01 ; elapsed = 00:00:01 . Memory (MB): peak = 362.574 ; gain = 105.574
---------------------------------------------------------------------------------
INFO: [Synth 8-6157] synthesizing module 'Top_Student' [C:/Users/Jun Yi/Desktop/project_FDP_final/project_FDP_final.srcs/sources_1/new/Top_Student.v:13]
INFO: [Synth 8-6157] synthesizing module 'Oled_Display' [C:/Users/Jun Yi/Desktop/project_FDP_final/project_FDP_final.srcs/sources_1/imports/Desktop/Oled_Display.v:36]
	Parameter Width bound to: 96 - type: integer 
	Parameter Height bound to: 64 - type: integer 
	Parameter PixelCount bound to: 6144 - type: integer 
	Parameter PixelCountWidth bound to: 13 - type: integer 
	Parameter ClkFreq bound to: 6250000 - type: integer 
	Parameter FrameFreq bound to: 60 - type: integer 
	Parameter FrameDiv bound to: 104166 - type: integer 
	Parameter FrameDivWidth bound to: 17 - type: integer 
	Parameter PowerDelay bound to: 20 - type: integer 
	Parameter ResetDelay bound to: 3 - type: integer 
	Parameter VccEnDelay bound to: 20 - type: integer 
	Parameter StartupCompleteDelay bound to: 100 - type: integer 
	Parameter MaxDelay bound to: 100 - type: integer 
	Parameter MaxDelayCount bound to: 625000 - type: integer 
	Parameter StateCount bound to: 32 - type: integer 
	Parameter StateWidth bound to: 5 - type: integer 
	Parameter PowerUp bound to: 5'b00000 
	Parameter Reset bound to: 5'b00001 
	Parameter ReleaseReset bound to: 5'b00011 
	Parameter EnableDriver bound to: 5'b00010 
	Parameter DisplayOff bound to: 5'b00110 
	Parameter SetRemapDisplayFormat bound to: 5'b00111 
	Parameter SetStartLine bound to: 5'b00101 
	Parameter SetOffset bound to: 5'b00100 
	Parameter SetNormalDisplay bound to: 5'b01100 
	Parameter SetMultiplexRatio bound to: 5'b01101 
	Parameter SetMasterConfiguration bound to: 5'b01111 
	Parameter DisablePowerSave bound to: 5'b01110 
	Parameter SetPhaseAdjust bound to: 5'b01010 
	Parameter SetDisplayClock bound to: 5'b01011 
	Parameter SetSecondPrechargeA bound to: 5'b01001 
	Parameter SetSecondPrechargeB bound to: 5'b01000 
	Parameter SetSecondPrechargeC bound to: 5'b11000 
	Parameter SetPrechargeLevel bound to: 5'b11001 
	Parameter SetVCOMH bound to: 5'b11011 
	Parameter SetMasterCurrent bound to: 5'b11010 
	Parameter SetContrastA bound to: 5'b11110 
	Parameter SetContrastB bound to: 5'b11111 
	Parameter SetContrastC bound to: 5'b11101 
	Parameter DisableScrolling bound to: 5'b11100 
	Parameter ClearScreen bound to: 5'b10100 
	Parameter VccEn bound to: 5'b10101 
	Parameter DisplayOn bound to: 5'b10111 
	Parameter PrepareNextFrame bound to: 5'b10110 
	Parameter SetColAddress bound to: 5'b10010 
	Parameter SetRowAddress bound to: 5'b10011 
	Parameter WaitNextFrame bound to: 5'b10001 
	Parameter SendPixel bound to: 5'b10000 
	Parameter SpiCommandMaxWidth bound to: 40 - type: integer 
	Parameter SpiCommandBitCountWidth bound to: 6 - type: integer 
INFO: [Synth 8-226] default block is never used [C:/Users/Jun Yi/Desktop/project_FDP_final/project_FDP_final.srcs/sources_1/imports/Desktop/Oled_Display.v:123]
INFO: [Synth 8-226] default block is never used [C:/Users/Jun Yi/Desktop/project_FDP_final/project_FDP_final.srcs/sources_1/imports/Desktop/Oled_Display.v:198]
WARNING: [Synth 8-693] zero replication count - replication ignored [C:/Users/Jun Yi/Desktop/project_FDP_final/project_FDP_final.srcs/sources_1/imports/Desktop/Oled_Display.v:346]
INFO: [Synth 8-6155] done synthesizing module 'Oled_Display' (1#1) [C:/Users/Jun Yi/Desktop/project_FDP_final/project_FDP_final.srcs/sources_1/imports/Desktop/Oled_Display.v:36]
WARNING: [Synth 8-689] width (16) of port connection 'pixel_index' does not match port width (13) of module 'Oled_Display' [C:/Users/Jun Yi/Desktop/project_FDP_final/project_FDP_final.srcs/sources_1/new/Top_Student.v:143]
WARNING: [Synth 8-689] width (16) of port connection 'pixel_index' does not match port width (13) of module 'Oled_Display' [C:/Users/Jun Yi/Desktop/project_FDP_final/project_FDP_final.srcs/sources_1/new/Top_Student.v:169]
INFO: [Synth 8-6157] synthesizing module 'debouncer' [C:/Users/Jun Yi/Desktop/project_FDP_final/project_FDP_final.srcs/sources_1/new/debouncer.v:3]
	Parameter MAX_COUNT bound to: 1000000 - type: integer 
INFO: [Synth 8-6155] done synthesizing module 'debouncer' (2#1) [C:/Users/Jun Yi/Desktop/project_FDP_final/project_FDP_final.srcs/sources_1/new/debouncer.v:3]
INFO: [Synth 8-155] case statement is not full and has no default [C:/Users/Jun Yi/Desktop/project_FDP_final/project_FDP_final.srcs/sources_1/new/Top_Student.v:312]
INFO: [Synth 8-155] case statement is not full and has no default [C:/Users/Jun Yi/Desktop/project_FDP_final/project_FDP_final.srcs/sources_1/new/Top_Student.v:346]
INFO: [Synth 8-155] case statement is not full and has no default [C:/Users/Jun Yi/Desktop/project_FDP_final/project_FDP_final.srcs/sources_1/new/Top_Student.v:391]
INFO: [Synth 8-6157] synthesizing module 'top_timer' [C:/Users/Jun Yi/Desktop/project_FDP_final/project_FDP_final.srcs/sources_1/new/top_timer.v:3]
INFO: [Synth 8-6155] done synthesizing module 'top_timer' (3#1) [C:/Users/Jun Yi/Desktop/project_FDP_final/project_FDP_final.srcs/sources_1/new/top_timer.v:3]
INFO: [Synth 8-6157] synthesizing module 'start_screen' [C:/Users/Jun Yi/Desktop/project_FDP_final/project_FDP_final.srcs/sources_1/new/start_screen.v:3]
INFO: [Synth 8-6155] done synthesizing module 'start_screen' (4#1) [C:/Users/Jun Yi/Desktop/project_FDP_final/project_FDP_final.srcs/sources_1/new/start_screen.v:3]
INFO: [Synth 8-6157] synthesizing module 'exploded_screen' [C:/Users/Jun Yi/Desktop/project_FDP_final/project_FDP_final.srcs/sources_1/new/exploded_screen.v:3]
	Parameter RED bound to: 16'b1111100000000000 
	Parameter WHITE bound to: 16'b1111111111111111 
INFO: [Synth 8-6155] done synthesizing module 'exploded_screen' (5#1) [C:/Users/Jun Yi/Desktop/project_FDP_final/project_FDP_final.srcs/sources_1/new/exploded_screen.v:3]
INFO: [Synth 8-6157] synthesizing module 'diffused_screen' [C:/Users/Jun Yi/Desktop/project_FDP_final/project_FDP_final.srcs/sources_1/new/diffused_screen.v:3]
	Parameter GREEN bound to: 16'b0000011111100000 
	Parameter WHITE bound to: 16'b1111111111111111 
INFO: [Synth 8-6155] done synthesizing module 'diffused_screen' (6#1) [C:/Users/Jun Yi/Desktop/project_FDP_final/project_FDP_final.srcs/sources_1/new/diffused_screen.v:3]
INFO: [Synth 8-6157] synthesizing module 'start_instructions_screen' [C:/Users/Jun Yi/Desktop/project_FDP_final/project_FDP_final.srcs/sources_1/new/start_instructions_screen.v:3]
INFO: [Synth 8-6155] done synthesizing module 'start_instructions_screen' (7#1) [C:/Users/Jun Yi/Desktop/project_FDP_final/project_FDP_final.srcs/sources_1/new/start_instructions_screen.v:3]
INFO: [Synth 8-6157] synthesizing module 'reset_instructions_screen' [C:/Users/Jun Yi/Desktop/project_FDP_final/project_FDP_final.srcs/sources_1/new/reset_instruction_screen.v:3]
	Parameter WHITE bound to: 16'b1111111111111111 
	Parameter BLACK bound to: 16'b0000000000000000 
INFO: [Synth 8-6155] done synthesizing module 'reset_instructions_screen' (8#1) [C:/Users/Jun Yi/Desktop/project_FDP_final/project_FDP_final.srcs/sources_1/new/reset_instruction_screen.v:3]
INFO: [Synth 8-6157] synthesizing module 'cut_the_wire_game' [C:/Users/Jun Yi/Desktop/project_FDP_final/project_FDP_final.srcs/sources_1/new/cut_the_wire_game.v:3]
	Parameter WIRE_W bound to: 4 - type: integer 
	Parameter WIRE_S bound to: 2 - type: integer 
	Parameter radius_squared bound to: 8'b00100100 
INFO: [Synth 8-638] synthesizing module 'MouseCtl' [C:/Users/Jun Yi/Desktop/project_FDP_final/project_FDP_final.srcs/sources_1/imports/Desktop/Mouse_Control.vhd:212]
	Parameter SYSCLK_FREQUENCY_HZ bound to: 100000000 - type: integer 
	Parameter CHECK_PERIOD_MS bound to: 500 - type: integer 
	Parameter TIMEOUT_PERIOD_MS bound to: 100 - type: integer 
INFO: [Synth 8-3491] module 'Ps2Interface' declared at 'C:/Users/Jun Yi/Desktop/project_FDP_final/project_FDP_final.srcs/sources_1/imports/Desktop/Ps2Interface.vhd:156' bound to instance 'Inst_Ps2Interface' of component 'Ps2Interface' [C:/Users/Jun Yi/Desktop/project_FDP_final/project_FDP_final.srcs/sources_1/imports/Desktop/Mouse_Control.vhd:374]
INFO: [Synth 8-638] synthesizing module 'Ps2Interface' [C:/Users/Jun Yi/Desktop/project_FDP_final/project_FDP_final.srcs/sources_1/imports/Desktop/Ps2Interface.vhd:184]
INFO: [Synth 8-256] done synthesizing module 'Ps2Interface' (9#1) [C:/Users/Jun Yi/Desktop/project_FDP_final/project_FDP_final.srcs/sources_1/imports/Desktop/Ps2Interface.vhd:184]
WARNING: [Synth 8-6014] Unused sequential element inc_reg was removed.  [C:/Users/Jun Yi/Desktop/project_FDP_final/project_FDP_final.srcs/sources_1/imports/Desktop/Mouse_Control.vhd:455]
WARNING: [Synth 8-6014] Unused sequential element x_inter_reg was removed.  [C:/Users/Jun Yi/Desktop/project_FDP_final/project_FDP_final.srcs/sources_1/imports/Desktop/Mouse_Control.vhd:461]
WARNING: [Synth 8-6014] Unused sequential element inc_reg was removed.  [C:/Users/Jun Yi/Desktop/project_FDP_final/project_FDP_final.srcs/sources_1/imports/Desktop/Mouse_Control.vhd:519]
WARNING: [Synth 8-6014] Unused sequential element y_inter_reg was removed.  [C:/Users/Jun Yi/Desktop/project_FDP_final/project_FDP_final.srcs/sources_1/imports/Desktop/Mouse_Control.vhd:525]
INFO: [Synth 8-256] done synthesizing module 'MouseCtl' (10#1) [C:/Users/Jun Yi/Desktop/project_FDP_final/project_FDP_final.srcs/sources_1/imports/Desktop/Mouse_Control.vhd:212]
WARNING: [Synth 8-350] instance 'mouse' of module 'MouseCtl' requires 16 connections, but only 12 given [C:/Users/Jun Yi/Desktop/project_FDP_final/project_FDP_final.srcs/sources_1/new/cut_the_wire_game.v:68]
INFO: [Synth 8-6157] synthesizing module 'colour_mux' [C:/Users/Jun Yi/Desktop/project_FDP_final/project_FDP_final.srcs/sources_1/new/colour_mux.v:23]
	Parameter RED bound to: 16'b1111100000000000 
	Parameter BLUE bound to: 16'b0000000000011111 
	Parameter GREEN bound to: 16'b0000011111100000 
	Parameter PURPLE bound to: 16'b1000000000010000 
	Parameter GREY bound to: 16'b1000010000010000 
	Parameter PINK bound to: 16'b1111100000011111 
	Parameter YELLOW bound to: 16'b1111111111100000 
	Parameter ORANGE bound to: 16'b1111110100100000 
INFO: [Synth 8-226] default block is never used [C:/Users/Jun Yi/Desktop/project_FDP_final/project_FDP_final.srcs/sources_1/new/colour_mux.v:44]
INFO: [Synth 8-6155] done synthesizing module 'colour_mux' (11#1) [C:/Users/Jun Yi/Desktop/project_FDP_final/project_FDP_final.srcs/sources_1/new/colour_mux.v:23]
WARNING: [Synth 8-689] width (3) of port connection 'colour_in_number' does not match port width (4) of module 'colour_mux' [C:/Users/Jun Yi/Desktop/project_FDP_final/project_FDP_final.srcs/sources_1/new/cut_the_wire_game.v:157]
WARNING: [Synth 8-689] width (3) of port connection 'colour_in_number' does not match port width (4) of module 'colour_mux' [C:/Users/Jun Yi/Desktop/project_FDP_final/project_FDP_final.srcs/sources_1/new/cut_the_wire_game.v:158]
WARNING: [Synth 8-689] width (3) of port connection 'colour_in_number' does not match port width (4) of module 'colour_mux' [C:/Users/Jun Yi/Desktop/project_FDP_final/project_FDP_final.srcs/sources_1/new/cut_the_wire_game.v:159]
WARNING: [Synth 8-689] width (3) of port connection 'colour_in_number' does not match port width (4) of module 'colour_mux' [C:/Users/Jun Yi/Desktop/project_FDP_final/project_FDP_final.srcs/sources_1/new/cut_the_wire_game.v:160]
WARNING: [Synth 8-689] width (3) of port connection 'colour_in_number' does not match port width (4) of module 'colour_mux' [C:/Users/Jun Yi/Desktop/project_FDP_final/project_FDP_final.srcs/sources_1/new/cut_the_wire_game.v:161]
WARNING: [Synth 8-6090] variable 'remaining_health' is written by both blocking and non-blocking assignments, entire logic could be removed [C:/Users/Jun Yi/Desktop/project_FDP_final/project_FDP_final.srcs/sources_1/new/cut_the_wire_game.v:209]
WARNING: [Synth 8-6090] variable 'solution_calculated' is written by both blocking and non-blocking assignments, entire logic could be removed [C:/Users/Jun Yi/Desktop/project_FDP_final/project_FDP_final.srcs/sources_1/new/cut_the_wire_game.v:274]
WARNING: [Synth 8-6090] variable 'final_answer' is written by both blocking and non-blocking assignments, entire logic could be removed [C:/Users/Jun Yi/Desktop/project_FDP_final/project_FDP_final.srcs/sources_1/new/cut_the_wire_game.v:286]
WARNING: [Synth 8-6090] variable 'final_answer' is written by both blocking and non-blocking assignments, entire logic could be removed [C:/Users/Jun Yi/Desktop/project_FDP_final/project_FDP_final.srcs/sources_1/new/cut_the_wire_game.v:286]
WARNING: [Synth 8-6090] variable 'final_answer' is written by both blocking and non-blocking assignments, entire logic could be removed [C:/Users/Jun Yi/Desktop/project_FDP_final/project_FDP_final.srcs/sources_1/new/cut_the_wire_game.v:286]
WARNING: [Synth 8-6090] variable 'final_answer' is written by both blocking and non-blocking assignments, entire logic could be removed [C:/Users/Jun Yi/Desktop/project_FDP_final/project_FDP_final.srcs/sources_1/new/cut_the_wire_game.v:286]
WARNING: [Synth 8-6090] variable 'final_answer' is written by both blocking and non-blocking assignments, entire logic could be removed [C:/Users/Jun Yi/Desktop/project_FDP_final/project_FDP_final.srcs/sources_1/new/cut_the_wire_game.v:286]
WARNING: [Synth 8-6090] variable 'final_answer' is written by both blocking and non-blocking assignments, entire logic could be removed [C:/Users/Jun Yi/Desktop/project_FDP_final/project_FDP_final.srcs/sources_1/new/cut_the_wire_game.v:305]
WARNING: [Synth 8-6090] variable 'final_answer' is written by both blocking and non-blocking assignments, entire logic could be removed [C:/Users/Jun Yi/Desktop/project_FDP_final/project_FDP_final.srcs/sources_1/new/cut_the_wire_game.v:353]
WARNING: [Synth 8-6090] variable 'final_answer' is written by both blocking and non-blocking assignments, entire logic could be removed [C:/Users/Jun Yi/Desktop/project_FDP_final/project_FDP_final.srcs/sources_1/new/cut_the_wire_game.v:362]
WARNING: [Synth 8-6090] variable 'final_answer' is written by both blocking and non-blocking assignments, entire logic could be removed [C:/Users/Jun Yi/Desktop/project_FDP_final/project_FDP_final.srcs/sources_1/new/cut_the_wire_game.v:371]
WARNING: [Synth 8-6090] variable 'final_answer' is written by both blocking and non-blocking assignments, entire logic could be removed [C:/Users/Jun Yi/Desktop/project_FDP_final/project_FDP_final.srcs/sources_1/new/cut_the_wire_game.v:380]
WARNING: [Synth 8-6090] variable 'final_answer' is written by both blocking and non-blocking assignments, entire logic could be removed [C:/Users/Jun Yi/Desktop/project_FDP_final/project_FDP_final.srcs/sources_1/new/cut_the_wire_game.v:389]
INFO: [Synth 8-155] case statement is not full and has no default [C:/Users/Jun Yi/Desktop/project_FDP_final/project_FDP_final.srcs/sources_1/new/cut_the_wire_game.v:346]
WARNING: [Synth 8-6014] Unused sequential element count_red_reg was removed.  [C:/Users/Jun Yi/Desktop/project_FDP_final/project_FDP_final.srcs/sources_1/new/cut_the_wire_game.v:256]
WARNING: [Synth 8-6014] Unused sequential element count_yellow_reg was removed.  [C:/Users/Jun Yi/Desktop/project_FDP_final/project_FDP_final.srcs/sources_1/new/cut_the_wire_game.v:257]
INFO: [Synth 8-6155] done synthesizing module 'cut_the_wire_game' (12#1) [C:/Users/Jun Yi/Desktop/project_FDP_final/project_FDP_final.srcs/sources_1/new/cut_the_wire_game.v:3]
INFO: [Synth 8-6157] synthesizing module 'game_2' [C:/Users/Jun Yi/Desktop/project_FDP_final/project_FDP_final.srcs/sources_1/new/game_2.v:3]
	Parameter OFF bound to: 3'b000 
	Parameter PINK bound to: 3'b110 
INFO: [Synth 8-6157] synthesizing module 'simon_game' [C:/Users/Jun Yi/Desktop/project_FDP_final/project_FDP_final.srcs/sources_1/new/simon_say.v:3]
	Parameter OFF bound to: 3'b000 
	Parameter R bound to: 3'b001 
	Parameter B bound to: 3'b010 
	Parameter Y bound to: 3'b011 
	Parameter G bound to: 3'b100 
	Parameter LIGHT_GREEN bound to: 3'b101 
	Parameter PINK bound to: 3'b110 
	Parameter FREQ_R bound to: 262 - type: integer 
	Parameter FREQ_B bound to: 330 - type: integer 
	Parameter FREQ_Y bound to: 392 - type: integer 
	Parameter FREQ_G bound to: 523 - type: integer 
	Parameter T_FLASH bound to: 3000000 - type: integer 
	Parameter T_GAP bound to: 1000000 - type: integer 
	Parameter T_WAIT bound to: 18750000 - type: integer 
	Parameter T_BLINK bound to: 781250 - type: integer 
	Parameter T_1S bound to: 6250000 - type: integer 
	Parameter S_SHOW bound to: 0 - type: integer 
	Parameter S_GAP bound to: 1 - type: integer 
	Parameter S_WAIT bound to: 2 - type: integer 
	Parameter S_INPUT bound to: 3 - type: integer 
	Parameter S_HOLD bound to: 4 - type: integer 
	Parameter S_WIN bound to: 5 - type: integer 
	Parameter S_ERROR bound to: 6 - type: integer 
	Parameter S_DELAY bound to: 7 - type: integer 
	Parameter S_FINAL bound to: 8 - type: integer 
INFO: [Synth 8-226] default block is never used [C:/Users/Jun Yi/Desktop/project_FDP_final/project_FDP_final.srcs/sources_1/new/simon_say.v:69]
INFO: [Synth 8-155] case statement is not full and has no default [C:/Users/Jun Yi/Desktop/project_FDP_final/project_FDP_final.srcs/sources_1/new/simon_say.v:156]
INFO: [Synth 8-6157] synthesizing module 'tone_generator' [C:/Users/Jun Yi/Desktop/project_FDP_final/project_FDP_final.srcs/sources_1/new/tone_generator.v:3]
	Parameter CLK_FREQ bound to: 6250000 - type: integer 
INFO: [Synth 8-6155] done synthesizing module 'tone_generator' (13#1) [C:/Users/Jun Yi/Desktop/project_FDP_final/project_FDP_final.srcs/sources_1/new/tone_generator.v:3]
INFO: [Synth 8-6155] done synthesizing module 'simon_game' (14#1) [C:/Users/Jun Yi/Desktop/project_FDP_final/project_FDP_final.srcs/sources_1/new/simon_say.v:3]
INFO: [Synth 8-6157] synthesizing module 'frame_data' [C:/Users/Jun Yi/Desktop/project_FDP_final/project_FDP_final.srcs/sources_1/new/frame_data.v:1]
	Parameter OFF bound to: 3'b000 
	Parameter RED bound to: 3'b001 
	Parameter BLUE bound to: 3'b010 
	Parameter YELLOW bound to: 3'b011 
	Parameter GREEN bound to: 3'b100 
	Parameter LIGHT_GREEN bound to: 3'b101 
	Parameter PINK bound to: 3'b110 
INFO: [Synth 8-6155] done synthesizing module 'frame_data' (15#1) [C:/Users/Jun Yi/Desktop/project_FDP_final/project_FDP_final.srcs/sources_1/new/frame_data.v:1]
WARNING: [Synth 8-689] width (16) of port connection 'pixel_index' does not match port width (17) of module 'frame_data' [C:/Users/Jun Yi/Desktop/project_FDP_final/project_FDP_final.srcs/sources_1/new/game_2.v:56]
INFO: [Synth 8-6157] synthesizing module 'manual' [C:/Users/Jun Yi/Desktop/project_FDP_final/project_FDP_final.srcs/sources_1/new/manual.v:3]
INFO: [Synth 8-6155] done synthesizing module 'manual' (16#1) [C:/Users/Jun Yi/Desktop/project_FDP_final/project_FDP_final.srcs/sources_1/new/manual.v:3]
WARNING: [Synth 8-689] width (16) of port connection 'pixel_index' does not match port width (17) of module 'manual' [C:/Users/Jun Yi/Desktop/project_FDP_final/project_FDP_final.srcs/sources_1/new/game_2.v:63]
INFO: [Synth 8-6155] done synthesizing module 'game_2' (17#1) [C:/Users/Jun Yi/Desktop/project_FDP_final/project_FDP_final.srcs/sources_1/new/game_2.v:3]
INFO: [Synth 8-6157] synthesizing module 'maze_game' [C:/Users/Jun Yi/Desktop/project_FDP_final/project_FDP_final.srcs/sources_1/new/maze_game.v:3]
	Parameter LOCKOUT_VAL bound to: 10000000 - type: integer 
WARNING: [Synth 8-5788] Register player_health_new_reg in module maze_game is has both Set and reset with same priority. This may cause simulation mismatches. Consider rewriting code  [C:/Users/Jun Yi/Desktop/project_FDP_final/project_FDP_final.srcs/sources_1/new/maze_game.v:88]
INFO: [Synth 8-6155] done synthesizing module 'maze_game' (18#1) [C:/Users/Jun Yi/Desktop/project_FDP_final/project_FDP_final.srcs/sources_1/new/maze_game.v:3]
INFO: [Synth 8-6157] synthesizing module 'game_4' [C:/Users/Jun Yi/Desktop/project_FDP_final/project_FDP_final.srcs/sources_1/new/game_4.v:3]
INFO: [Synth 8-6157] synthesizing module 'game_4_logic' [C:/Users/Jun Yi/Desktop/project_FDP_final/project_FDP_final.srcs/sources_1/new/game_4_logic.v:3]
	Parameter INIT bound to: 32'sb00000000000000000000000000000000 
	Parameter WAIT_PRESS bound to: 1 - type: integer 
	Parameter VALIDATE bound to: 2 - type: integer 
	Parameter NEXT_STEP bound to: 3 - type: integer 
	Parameter WIN bound to: 4 - type: integer 
	Parameter ERR bound to: 5 - type: integer 
INFO: [Synth 8-226] default block is never used [C:/Users/Jun Yi/Desktop/project_FDP_final/project_FDP_final.srcs/sources_1/new/game_4_logic.v:49]
INFO: [Synth 8-155] case statement is not full and has no default [C:/Users/Jun Yi/Desktop/project_FDP_final/project_FDP_final.srcs/sources_1/new/game_4_logic.v:118]
INFO: [Synth 8-226] default block is never used [C:/Users/Jun Yi/Desktop/project_FDP_final/project_FDP_final.srcs/sources_1/new/game_4_logic.v:66]
INFO: [Synth 8-226] default block is never used [C:/Users/Jun Yi/Desktop/project_FDP_final/project_FDP_final.srcs/sources_1/new/game_4_logic.v:66]
INFO: [Synth 8-226] default block is never used [C:/Users/Jun Yi/Desktop/project_FDP_final/project_FDP_final.srcs/sources_1/new/game_4_logic.v:66]
INFO: [Synth 8-6155] done synthesizing module 'game_4_logic' (19#1) [C:/Users/Jun Yi/Desktop/project_FDP_final/project_FDP_final.srcs/sources_1/new/game_4_logic.v:3]
WARNING: [Synth 8-689] width (2) of port connection 'player_health_new' does not match port width (3) of module 'game_4_logic' [C:/Users/Jun Yi/Desktop/project_FDP_final/project_FDP_final.srcs/sources_1/new/game_4.v:40]
INFO: [Synth 8-6157] synthesizing module 'game_4_graphics' [C:/Users/Jun Yi/Desktop/project_FDP_final/project_FDP_final.srcs/sources_1/new/game_4_graphics.v:3]
INFO: [Synth 8-6157] synthesizing module 'text_engine_v' [C:/Users/Jun Yi/Desktop/project_FDP_final/project_FDP_final.srcs/sources_1/new/text_engine_v.v:3]
INFO: [Synth 8-226] default block is never used [C:/Users/Jun Yi/Desktop/project_FDP_final/project_FDP_final.srcs/sources_1/new/text_engine_v.v:35]
INFO: [Synth 8-6157] synthesizing module 'char_rom' [C:/Users/Jun Yi/Desktop/project_FDP_final/project_FDP_final.srcs/sources_1/new/char_rom.v:3]
INFO: [Synth 8-6155] done synthesizing module 'char_rom' (20#1) [C:/Users/Jun Yi/Desktop/project_FDP_final/project_FDP_final.srcs/sources_1/new/char_rom.v:3]
WARNING: [Synth 8-689] width (5) of port connection 'char_id' does not match port width (6) of module 'char_rom' [C:/Users/Jun Yi/Desktop/project_FDP_final/project_FDP_final.srcs/sources_1/new/text_engine_v.v:52]
INFO: [Synth 8-6155] done synthesizing module 'text_engine_v' (21#1) [C:/Users/Jun Yi/Desktop/project_FDP_final/project_FDP_final.srcs/sources_1/new/text_engine_v.v:3]
INFO: [Synth 8-6157] synthesizing module 'text_engine_h' [C:/Users/Jun Yi/Desktop/project_FDP_final/project_FDP_final.srcs/sources_1/new/text_engine_h.v:3]
INFO: [Synth 8-6155] done synthesizing module 'text_engine_h' (22#1) [C:/Users/Jun Yi/Desktop/project_FDP_final/project_FDP_final.srcs/sources_1/new/text_engine_h.v:3]
INFO: [Synth 8-6157] synthesizing module 'symbol_renderer_A' [C:/Users/Jun Yi/Desktop/project_FDP_final/project_FDP_final.srcs/sources_1/new/symbol_renderer_A.v:3]
INFO: [Synth 8-226] default block is never used [C:/Users/Jun Yi/Desktop/project_FDP_final/project_FDP_final.srcs/sources_1/new/symbol_renderer_A.v:264]
INFO: [Synth 8-6155] done synthesizing module 'symbol_renderer_A' (23#1) [C:/Users/Jun Yi/Desktop/project_FDP_final/project_FDP_final.srcs/sources_1/new/symbol_renderer_A.v:3]
INFO: [Synth 8-6157] synthesizing module 'symbol_renderer_B' [C:/Users/Jun Yi/Desktop/project_FDP_final/project_FDP_final.srcs/sources_1/new/symbol_renderer_B.v:3]
INFO: [Synth 8-226] default block is never used [C:/Users/Jun Yi/Desktop/project_FDP_final/project_FDP_final.srcs/sources_1/new/symbol_renderer_B.v:289]
INFO: [Synth 8-6155] done synthesizing module 'symbol_renderer_B' (24#1) [C:/Users/Jun Yi/Desktop/project_FDP_final/project_FDP_final.srcs/sources_1/new/symbol_renderer_B.v:3]
INFO: [Synth 8-6155] done synthesizing module 'game_4_graphics' (25#1) [C:/Users/Jun Yi/Desktop/project_FDP_final/project_FDP_final.srcs/sources_1/new/game_4_graphics.v:3]
INFO: [Synth 8-6155] done synthesizing module 'game_4' (26#1) [C:/Users/Jun Yi/Desktop/project_FDP_final/project_FDP_final.srcs/sources_1/new/game_4.v:3]
WARNING: [Synth 8-689] width (3) of port connection 'player_health_new' does not match port width (2) of module 'game_4' [C:/Users/Jun Yi/Desktop/project_FDP_final/project_FDP_final.srcs/sources_1/new/Top_Student.v:551]
INFO: [Synth 8-6155] done synthesizing module 'Top_Student' (27#1) [C:/Users/Jun Yi/Desktop/project_FDP_final/project_FDP_final.srcs/sources_1/new/Top_Student.v:13]
WARNING: [Synth 8-3917] design Top_Student has port JB[2] driven by constant 0
WARNING: [Synth 8-3917] design Top_Student has port JA[2] driven by constant 0
WARNING: [Synth 8-3331] design text_engine_v has unconnected port x[6]
WARNING: [Synth 8-3331] design text_engine_v has unconnected port x[5]
WARNING: [Synth 8-3331] design text_engine_v has unconnected port x[4]
WARNING: [Synth 8-3331] design text_engine_v has unconnected port y[5]
WARNING: [Synth 8-3331] design game_4_graphics has unconnected port clk
WARNING: [Synth 8-3331] design manual has unconnected port clk
WARNING: [Synth 8-3331] design frame_data has unconnected port clk
WARNING: [Synth 8-3331] design simon_game has unconnected port variation_select[2]
WARNING: [Synth 8-3331] design simon_game has unconnected port variation_select[1]
WARNING: [Synth 8-3331] design simon_game has unconnected port variation_select[0]
WARNING: [Synth 8-3331] design cut_the_wire_game has unconnected port output_btnU
WARNING: [Synth 8-3331] design cut_the_wire_game has unconnected port sw[15]
WARNING: [Synth 8-3331] design cut_the_wire_game has unconnected port sw[14]
WARNING: [Synth 8-3331] design cut_the_wire_game has unconnected port sw[13]
WARNING: [Synth 8-3331] design cut_the_wire_game has unconnected port sw[12]
WARNING: [Synth 8-3331] design cut_the_wire_game has unconnected port sw[11]
WARNING: [Synth 8-3331] design cut_the_wire_game has unconnected port sw[10]
WARNING: [Synth 8-3331] design cut_the_wire_game has unconnected port sw[9]
WARNING: [Synth 8-3331] design cut_the_wire_game has unconnected port sw[8]
WARNING: [Synth 8-3331] design cut_the_wire_game has unconnected port sw[7]
WARNING: [Synth 8-3331] design cut_the_wire_game has unconnected port sw[6]
WARNING: [Synth 8-3331] design cut_the_wire_game has unconnected port sw[5]
WARNING: [Synth 8-3331] design cut_the_wire_game has unconnected port sw[4]
WARNING: [Synth 8-3331] design cut_the_wire_game has unconnected port sw[3]
WARNING: [Synth 8-3331] design cut_the_wire_game has unconnected port sw[2]
WARNING: [Synth 8-3331] design cut_the_wire_game has unconnected port sw[1]
WARNING: [Synth 8-3331] design cut_the_wire_game has unconnected port sw[0]
WARNING: [Synth 8-3331] design reset_instructions_screen has unconnected port clk
WARNING: [Synth 8-3331] design diffused_screen has unconnected port clk
WARNING: [Synth 8-3331] design exploded_screen has unconnected port clk
---------------------------------------------------------------------------------
Finished RTL Elaboration : Time (s): cpu = 00:00:17 ; elapsed = 00:00:19 . Memory (MB): peak = 1631.152 ; gain = 1374.152
---------------------------------------------------------------------------------

Report Check Netlist: 
+------+------------------+-------+---------+-------+------------------+
|      |Item              |Errors |Warnings |Status |Description       |
+------+------------------+-------+---------+-------+------------------+
|1     |multi_driven_nets |      0|        0|Passed |Multi driven nets |
+------+------------------+-------+---------+-------+------------------+
---------------------------------------------------------------------------------
Start Handling Custom Attributes
---------------------------------------------------------------------------------
---------------------------------------------------------------------------------
Finished Handling Custom Attributes : Time (s): cpu = 00:00:26 ; elapsed = 00:00:29 . Memory (MB): peak = 1631.152 ; gain = 1374.152
---------------------------------------------------------------------------------
---------------------------------------------------------------------------------
Finished RTL Optimization Phase 1 : Time (s): cpu = 00:00:26 ; elapsed = 00:00:29 . Memory (MB): peak = 1631.152 ; gain = 1374.152
---------------------------------------------------------------------------------
INFO: [Device 21-403] Loading part xc7a35tcpg236-1
INFO: [Project 1-570] Preparing netlist for logic optimization

Processing XDC Constraints
Initializing timing engine
Parsing XDC File [C:/Users/Jun Yi/Desktop/project_FDP_final/project_FDP_final.srcs/constrs_1/imports/EE2026/Basys3_Master.xdc]
Finished Parsing XDC File [C:/Users/Jun Yi/Desktop/project_FDP_final/project_FDP_final.srcs/constrs_1/imports/EE2026/Basys3_Master.xdc]
INFO: [Project 1-236] Implementation specific constraints were found while reading constraint file [C:/Users/Jun Yi/Desktop/project_FDP_final/project_FDP_final.srcs/constrs_1/imports/EE2026/Basys3_Master.xdc]. These constraints will be ignored for synthesis but will be used in implementation. Impacted constraints are listed in the file [.Xil/Top_Student_propImpl.xdc].
Resolution: To avoid this warning, move constraints listed in [.Xil/Top_Student_propImpl.xdc] to another XDC file and exclude this new file from synthesis with the used_in_synthesis property (File Properties dialog in GUI) and re-run elaboration/synthesis.
Completed Processing XDC Constraints

INFO: [Project 1-111] Unisim Transformation Summary:
No Unisim elements were transformed.

Constraint Validation Runtime : Time (s): cpu = 00:00:00 ; elapsed = 00:00:00.017 . Memory (MB): peak = 16623.703 ; gain = 0.000
---------------------------------------------------------------------------------
Finished Constraint Validation : Time (s): cpu = 00:06:18 ; elapsed = 00:07:05 . Memory (MB): peak = 16635.211 ; gain = 16378.211
---------------------------------------------------------------------------------
INFO: [Synth 8-5580] Multithreading enabled for synth_design using a maximum of 2 processes.
---------------------------------------------------------------------------------
Start Loading Part and Timing Information
---------------------------------------------------------------------------------
Loading part: xc7a35tcpg236-1
---------------------------------------------------------------------------------
Finished Loading Part and Timing Information : Time (s): cpu = 00:06:18 ; elapsed = 00:07:05 . Memory (MB): peak = 16635.211 ; gain = 16378.211
---------------------------------------------------------------------------------
INFO: [Synth 8-802] inferred FSM for state register 'state_reg' in module 'Oled_Display'
INFO: [Synth 8-5546] ROM "fsm_next_state0" won't be mapped to RAM because it is too sparse
INFO: [Synth 8-5544] ROM "fsm_next_state0" won't be mapped to Block RAM because address size (1) smaller than threshold (5)
INFO: [Synth 8-5546] ROM "fsm_next_state0" won't be mapped to RAM because it is too sparse
INFO: [Synth 8-5544] ROM "seg7" won't be mapped to Block RAM because address size (4) smaller than threshold (5)
INFO: [Synth 8-5544] ROM "m1" won't be mapped to Block RAM because address size (4) smaller than threshold (5)
INFO: [Synth 8-5544] ROM "m0" won't be mapped to Block RAM because address size (4) smaller than threshold (5)
INFO: [Synth 8-5544] ROM "s1" won't be mapped to Block RAM because address size (4) smaller than threshold (5)
INFO: [Synth 8-5545] ROM "audio_timer" won't be mapped to RAM because address size (27) is larger than maximum supported(25)
INFO: [Synth 8-5544] ROM "seg7" won't be mapped to Block RAM because address size (4) smaller than threshold (5)
INFO: [Synth 8-5544] ROM "m1" won't be mapped to Block RAM because address size (1) smaller than threshold (5)
INFO: [Synth 8-5544] ROM "m0" won't be mapped to Block RAM because address size (1) smaller than threshold (5)
INFO: [Synth 8-5544] ROM "s1" won't be mapped to Block RAM because address size (1) smaller than threshold (5)
INFO: [Synth 8-5545] ROM "audio_timer" won't be mapped to RAM because address size (27) is larger than maximum supported(25)
INFO: [Synth 8-5545] ROM "clk2hz" won't be mapped to RAM because address size (26) is larger than maximum supported(25)
INFO: [Synth 8-5546] ROM "oled_data" won't be mapped to RAM because it is too sparse
INFO: [Synth 8-5546] ROM "oled_data" won't be mapped to RAM because it is too sparse
INFO: [Synth 8-5546] ROM "oled_data" won't be mapped to RAM because it is too sparse
INFO: [Synth 8-5546] ROM "oled_data" won't be mapped to RAM because it is too sparse
INFO: [Synth 8-802] inferred FSM for state register 'state_reg' in module 'Ps2Interface'
INFO: [Synth 8-5546] ROM "reset_bit_count" won't be mapped to RAM because it is too sparse
INFO: [Synth 8-5546] ROM "busy" won't be mapped to RAM because it is too sparse
INFO: [Synth 8-5546] ROM "read_data" won't be mapped to RAM because it is too sparse
INFO: [Synth 8-5546] ROM "load_tx_data" won't be mapped to RAM because it is too sparse
INFO: [Synth 8-5546] ROM "ps2_clk_h" won't be mapped to RAM because it is too sparse
INFO: [Synth 8-5546] ROM "delay_100us_counter_enable" won't be mapped to RAM because it is too sparse
INFO: [Synth 8-5546] ROM "delay_20us_counter_enable" won't be mapped to RAM because it is too sparse
INFO: [Synth 8-5546] ROM "delay_63clk_counter_enable" won't be mapped to RAM because it is too sparse
INFO: [Synth 8-5544] ROM "state" won't be mapped to Block RAM because address size (1) smaller than threshold (5)
INFO: [Synth 8-5544] ROM "state" won't be mapped to Block RAM because address size (1) smaller than threshold (5)
INFO: [Synth 8-5544] ROM "state" won't be mapped to Block RAM because address size (1) smaller than threshold (5)
INFO: [Synth 8-5544] ROM "state" won't be mapped to Block RAM because address size (1) smaller than threshold (5)
INFO: [Synth 8-5544] ROM "state" won't be mapped to Block RAM because address size (1) smaller than threshold (5)
INFO: [Synth 8-5544] ROM "state" won't be mapped to Block RAM because address size (1) smaller than threshold (5)
INFO: [Synth 8-5544] ROM "state" won't be mapped to Block RAM because address size (1) smaller than threshold (5)
INFO: [Synth 8-5544] ROM "state" won't be mapped to Block RAM because address size (1) smaller than threshold (5)
INFO: [Synth 8-5544] ROM "state" won't be mapped to Block RAM because address size (1) smaller than threshold (5)
INFO: [Synth 8-5544] ROM "state" won't be mapped to Block RAM because address size (1) smaller than threshold (5)
INFO: [Synth 8-5544] ROM "state" won't be mapped to Block RAM because address size (1) smaller than threshold (5)
INFO: [Synth 8-5544] ROM "state" won't be mapped to Block RAM because address size (1) smaller than threshold (5)
INFO: [Synth 8-5544] ROM "state" won't be mapped to Block RAM because address size (1) smaller than threshold (5)
INFO: [Synth 8-802] inferred FSM for state register 'state_reg' in module 'MouseCtl'
INFO: [Synth 8-5545] ROM "periodic_check_tick" won't be mapped to RAM because address size (26) is larger than maximum supported(25)
INFO: [Synth 8-5546] ROM "timeout" won't be mapped to RAM because it is too sparse
INFO: [Synth 8-5546] ROM "reset_periodic_check_cnt" won't be mapped to RAM because it is too sparse
INFO: [Synth 8-5546] ROM "new_event" won't be mapped to RAM because it is too sparse
INFO: [Synth 8-5544] ROM "state" won't be mapped to Block RAM because address size (1) smaller than threshold (5)
INFO: [Synth 8-5544] ROM "state" won't be mapped to Block RAM because address size (1) smaller than threshold (5)
INFO: [Synth 8-5544] ROM "state" won't be mapped to Block RAM because address size (1) smaller than threshold (5)
INFO: [Synth 8-5544] ROM "state" won't be mapped to Block RAM because address size (1) smaller than threshold (5)
INFO: [Synth 8-5544] ROM "state" won't be mapped to Block RAM because address size (1) smaller than threshold (5)
INFO: [Synth 8-5544] ROM "state" won't be mapped to Block RAM because address size (1) smaller than threshold (5)
INFO: [Synth 8-5544] ROM "state" won't be mapped to Block RAM because address size (1) smaller than threshold (5)
INFO: [Synth 8-5544] ROM "state" won't be mapped to Block RAM because address size (1) smaller than threshold (5)
INFO: [Synth 8-5544] ROM "state" won't be mapped to Block RAM because address size (1) smaller than threshold (5)
INFO: [Synth 8-5544] ROM "state" won't be mapped to Block RAM because address size (1) smaller than threshold (5)
INFO: [Synth 8-5544] ROM "state" won't be mapped to Block RAM because address size (1) smaller than threshold (5)
INFO: [Synth 8-5544] ROM "state" won't be mapped to Block RAM because address size (1) smaller than threshold (5)
INFO: [Synth 8-5544] ROM "state" won't be mapped to Block RAM because address size (1) smaller than threshold (5)
INFO: [Synth 8-5544] ROM "state" won't be mapped to Block RAM because address size (1) smaller than threshold (5)
INFO: [Synth 8-5544] ROM "state" won't be mapped to Block RAM because address size (1) smaller than threshold (5)
INFO: [Synth 8-5544] ROM "state" won't be mapped to Block RAM because address size (1) smaller than threshold (5)
INFO: [Synth 8-5544] ROM "state" won't be mapped to Block RAM because address size (1) smaller than threshold (5)
INFO: [Synth 8-5544] ROM "state" won't be mapped to Block RAM because address size (1) smaller than threshold (5)
INFO: [Synth 8-5544] ROM "state" won't be mapped to Block RAM because address size (1) smaller than threshold (5)
INFO: [Synth 8-5544] ROM "state" won't be mapped to Block RAM because address size (1) smaller than threshold (5)
INFO: [Synth 8-5544] ROM "state" won't be mapped to Block RAM because address size (1) smaller than threshold (5)
INFO: [Synth 8-5544] ROM "state" won't be mapped to Block RAM because address size (1) smaller than threshold (5)
INFO: [Synth 8-5544] ROM "state" won't be mapped to Block RAM because address size (1) smaller than threshold (5)
INFO: [Synth 8-5544] ROM "state" won't be mapped to Block RAM because address size (1) smaller than threshold (5)
INFO: [Synth 8-5544] ROM "state" won't be mapped to Block RAM because address size (1) smaller than threshold (5)
INFO: [Synth 8-5544] ROM "state" won't be mapped to Block RAM because address size (1) smaller than threshold (5)
INFO: [Synth 8-5544] ROM "state" won't be mapped to Block RAM because address size (1) smaller than threshold (5)
INFO: [Synth 8-5544] ROM "state" won't be mapped to Block RAM because address size (1) smaller than threshold (5)
INFO: [Synth 8-5544] ROM "state" won't be mapped to Block RAM because address size (1) smaller than threshold (5)
INFO: [Synth 8-5544] ROM "state" won't be mapped to Block RAM because address size (1) smaller than threshold (5)
INFO: [Synth 8-5544] ROM "state" won't be mapped to Block RAM because address size (1) smaller than threshold (5)
INFO: [Synth 8-5544] ROM "state" won't be mapped to Block RAM because address size (1) smaller than threshold (5)
INFO: [Synth 8-5544] ROM "state" won't be mapped to Block RAM because address size (1) smaller than threshold (5)
INFO: [Synth 8-5544] ROM "state" won't be mapped to Block RAM because address size (1) smaller than threshold (5)
INFO: [Synth 8-5544] ROM "state" won't be mapped to Block RAM because address size (1) smaller than threshold (5)
INFO: [Synth 8-5544] ROM "state" won't be mapped to Block RAM because address size (1) smaller than threshold (5)
INFO: [Synth 8-5544] ROM "state" won't be mapped to Block RAM because address size (1) smaller than threshold (5)
INFO: [Synth 8-5544] ROM "state" won't be mapped to Block RAM because address size (1) smaller than threshold (5)
INFO: [Synth 8-5544] ROM "state" won't be mapped to Block RAM because address size (1) smaller than threshold (5)
INFO: [Synth 8-5546] ROM "setmax_x" won't be mapped to RAM because it is too sparse
INFO: [Synth 8-5546] ROM "setmax_y" won't be mapped to RAM because it is too sparse
INFO: [Synth 8-5546] ROM "rst" won't be mapped to RAM because it is too sparse
INFO: [Synth 8-5546] ROM "value_in" won't be mapped to RAM because it is too sparse
INFO: [Synth 8-5544] ROM "solution_wires" won't be mapped to Block RAM because address size (3) smaller than threshold (5)
INFO: [Synth 8-5544] ROM "win_flag" won't be mapped to Block RAM because address size (4) smaller than threshold (5)
INFO: [Synth 8-5544] ROM "oled_data" won't be mapped to Block RAM because address size (4) smaller than threshold (5)
INFO: [Synth 8-5544] ROM "win_flag" won't be mapped to Block RAM because address size (3) smaller than threshold (5)
INFO: [Synth 8-5546] ROM "setmax_x" won't be mapped to RAM because it is too sparse
INFO: [Synth 8-5546] ROM "setmax_y" won't be mapped to RAM because it is too sparse
INFO: [Synth 8-5546] ROM "rst" won't be mapped to RAM because it is too sparse
INFO: [Synth 8-5546] ROM "value_in" won't be mapped to RAM because it is too sparse
INFO: [Synth 8-5544] ROM "solution_wires" won't be mapped to Block RAM because address size (3) smaller than threshold (5)
INFO: [Synth 8-5544] ROM "win_flag" won't be mapped to Block RAM because address size (4) smaller than threshold (5)
INFO: [Synth 8-5544] ROM "oled_data" won't be mapped to Block RAM because address size (4) smaller than threshold (5)
INFO: [Synth 8-5544] ROM "win_flag" won't be mapped to Block RAM because address size (3) smaller than threshold (5)
INFO: [Synth 8-5544] ROM "oled_data" won't be mapped to Block RAM because address size (1) smaller than threshold (5)
INFO: [Synth 8-5544] ROM "selector_x" won't be mapped to Block RAM because address size (3) smaller than threshold (5)
INFO: [Synth 8-5818] HDL ADVISOR - The operator resource <adder> is shared. To prevent sharing consider applying a KEEP on the output of the operator [C:/Users/Jun Yi/Desktop/project_FDP_final/project_FDP_final.srcs/sources_1/new/tone_generator.v:25]
INFO: [Synth 8-5545] ROM "counter" won't be mapped to RAM because address size (32) is larger than maximum supported(25)
INFO: [Synth 8-5545] ROM "sound" won't be mapped to RAM because address size (32) is larger than maximum supported(25)
INFO: [Synth 8-802] inferred FSM for state register 'state_reg' in module 'simon_game'
INFO: [Synth 8-5544] ROM "state" won't be mapped to Block RAM because address size (4) smaller than threshold (5)
INFO: [Synth 8-5544] ROM "game_colour" won't be mapped to Block RAM because address size (4) smaller than threshold (5)
INFO: [Synth 8-5544] ROM "state" won't be mapped to Block RAM because address size (1) smaller than threshold (5)
INFO: [Synth 8-5544] ROM "state" won't be mapped to Block RAM because address size (1) smaller than threshold (5)
INFO: [Synth 8-5544] ROM "state" won't be mapped to Block RAM because address size (1) smaller than threshold (5)
INFO: [Synth 8-5544] ROM "state" won't be mapped to Block RAM because address size (1) smaller than threshold (5)
INFO: [Synth 8-5544] ROM "state" won't be mapped to Block RAM because address size (4) smaller than threshold (5)
INFO: [Synth 8-5544] ROM "game_colour" won't be mapped to Block RAM because address size (4) smaller than threshold (5)
INFO: [Synth 8-5544] ROM "state" won't be mapped to Block RAM because address size (1) smaller than threshold (5)
INFO: [Synth 8-5544] ROM "state" won't be mapped to Block RAM because address size (1) smaller than threshold (5)
INFO: [Synth 8-5544] ROM "state" won't be mapped to Block RAM because address size (1) smaller than threshold (5)
INFO: [Synth 8-5544] ROM "state" won't be mapped to Block RAM because address size (1) smaller than threshold (5)
INFO: [Synth 8-5544] ROM "sound_freq" won't be mapped to Block RAM because address size (3) smaller than threshold (5)
INFO: [Synth 8-5544] ROM "seq" won't be mapped to Block RAM because address size (3) smaller than threshold (5)
INFO: [Synth 8-5544] ROM "seq" won't be mapped to Block RAM because address size (3) smaller than threshold (5)
INFO: [Synth 8-5544] ROM "seq" won't be mapped to Block RAM because address size (3) smaller than threshold (5)
INFO: [Synth 8-5544] ROM "seq" won't be mapped to Block RAM because address size (3) smaller than threshold (5)
INFO: [Synth 8-5544] ROM "seq" won't be mapped to Block RAM because address size (3) smaller than threshold (5)
INFO: [Synth 8-5544] ROM "mapped_colour" won't be mapped to Block RAM because address size (3) smaller than threshold (5)
INFO: [Synth 8-5546] ROM "oled_data" won't be mapped to RAM because it is too sparse
INFO: [Synth 8-5546] ROM "oled_data" won't be mapped to RAM because it is too sparse
INFO: [Synth 8-5544] ROM "win_flag" won't be mapped to Block RAM because address size (3) smaller than threshold (5)
INFO: [Synth 8-5818] HDL ADVISOR - The operator resource <adder> is shared. To prevent sharing consider applying a KEEP on the output of the operator [C:/Users/Jun Yi/Desktop/project_FDP_final/project_FDP_final.srcs/sources_1/new/maze_game.v:107]
INFO: [Synth 8-802] inferred FSM for state register 'state_reg' in module 'game_4_logic'
INFO: [Synth 8-5544] ROM "step_idx" won't be mapped to Block RAM because address size (2) smaller than threshold (5)
INFO: [Synth 8-5544] ROM "win_flag" won't be mapped to Block RAM because address size (3) smaller than threshold (5)
INFO: [Synth 8-5544] ROM "perm_id" won't be mapped to Block RAM because address size (3) smaller than threshold (5)
INFO: [Synth 8-5544] ROM "state" won't be mapped to Block RAM because address size (1) smaller than threshold (5)
INFO: [Synth 8-5544] ROM "state" won't be mapped to Block RAM because address size (2) smaller than threshold (5)
INFO: [Synth 8-5546] ROM "bitmap" won't be mapped to RAM because it is too sparse
INFO: [Synth 8-5546] ROM "color_s1" won't be mapped to RAM because it is too sparse
INFO: [Synth 8-5546] ROM "color_s2" won't be mapped to RAM because it is too sparse
INFO: [Synth 8-5546] ROM "color_s7" won't be mapped to RAM because it is too sparse
INFO: [Synth 8-5546] ROM "color_s1" won't be mapped to RAM because it is too sparse
INFO: [Synth 8-5546] ROM "color_s6" won't be mapped to RAM because it is too sparse
INFO: [Synth 8-5544] ROM "col_xA1" won't be mapped to Block RAM because address size (1) smaller than threshold (5)
INFO: [Synth 8-5544] ROM "oled_data_B" won't be mapped to Block RAM because address size (1) smaller than threshold (5)
INFO: [Synth 8-5544] ROM "enable_g1" won't be mapped to Block RAM because address size (2) smaller than threshold (5)
INFO: [Synth 8-5544] ROM "enable_g1" won't be mapped to Block RAM because address size (2) smaller than threshold (5)
INFO: [Common 17-14] Message 'Synth 8-5544' appears 100 times and further instances of the messages will be disabled. Use the Tcl command set_msg_config to change the current settings.
INFO: [Synth 8-5545] ROM "led_flickering" won't be mapped to RAM because address size (26) is larger than maximum supported(25)
---------------------------------------------------------------------------------------------------
                   State |                     New Encoding |                Previous Encoding 
---------------------------------------------------------------------------------------------------
                 PowerUp | 00000000100000000000000000000000 |                            00000
                   Reset | 00000000000100000000000000000000 |                            00001
            ReleaseReset | 00000000000000000000100000000000 |                            00011
            EnableDriver | 00000000000000000001000000000000 |                            00010
              DisplayOff | 00000000000000000100000000000000 |                            00110
   SetRemapDisplayFormat | 00000100000000000000000000000000 |                            00111
            SetStartLine | 00001000000000000000000000000000 |                            00101
               SetOffset | 10000000000000000000000000000000 |                            00100
        SetNormalDisplay | 00000000000000000000000010000000 |                            01100
       SetMultiplexRatio | 00000000000000000000000000100000 |                            01101
  SetMasterConfiguration | 00000000000000000000000001000000 |                            01111
        DisablePowerSave | 00000000000000000000000000000100 |                            01110
          SetPhaseAdjust | 00000000000000000000000000001000 |                            01010
         SetDisplayClock | 00000000001000000000000000000000 |                            01011
     SetSecondPrechargeA | 00000000010000000000000000000000 |                            01001
     SetSecondPrechargeB | 01000000000000000000000000000000 |                            01000
     SetSecondPrechargeC | 00000010000000000000000000000000 |                            11000
       SetPrechargeLevel | 00000001000000000000000000000000 |                            11001
                SetVCOMH | 00000000000000010000000000000000 |                            11011
        SetMasterCurrent | 00000000000000100000000000000000 |                            11010
            SetContrastA | 00000000000001000000000000000000 |                            11110
            SetContrastB | 00100000000000000000000000000000 |                            11111
            SetContrastC | 00000000000000000000000000000001 |                            11101
        DisableScrolling | 00000000000000000000000000000010 |                            11100
             ClearScreen | 00000000000000000000000000010000 |                            10100
                   VccEn | 00010000000000000000000000000000 |                            10101
               DisplayOn | 00000000000010000000000000000000 |                            10111
        PrepareNextFrame | 00000000000000001000000000000000 |                            10110
           SetColAddress | 00000000000000000000010000000000 |                            10010
           SetRowAddress | 00000000000000000000000100000000 |                            10011
           WaitNextFrame | 00000000000000000000001000000000 |                            10001
               SendPixel | 00000000000000000010000000000000 |                            10000
---------------------------------------------------------------------------------------------------
INFO: [Synth 8-3354] encoded FSM with state register 'state_reg' using encoding 'one-hot' in module 'Oled_Display'
---------------------------------------------------------------------------------------------------
                   State |                     New Encoding |                Previous Encoding 
---------------------------------------------------------------------------------------------------
                    idle |                00000000000000001 |                            00000
            rx_down_edge |                00000000000000010 |                            00011
                rx_clk_l |                00000000000000100 |                            00010
                rx_clk_h |                00000000000001000 |                            00001
         rx_error_parity |                00000000000010000 |                            00100
           rx_data_ready |                00000000000100000 |                            00101
          tx_force_clk_l |                00000000001000000 |                            00110
      tx_bring_data_down |                00000000010000000 |                            00111
          tx_release_clk |                00000000100000000 |                            01000
 tx_first_wait_down_edge |                00000001000000000 |                            01001
                tx_clk_l |                00000010000000000 |                            01010
         tx_wait_up_edge |                00000100000000000 |                            01011
tx_wait_up_edge_before_ack |                00001000000000000 |                            01101
             tx_wait_ack |                00010000000000000 |                            01110
         tx_received_ack |                00100000000000000 |                            01111
         tx_error_no_ack |                01000000000000000 |                            10000
                tx_clk_h |                10000000000000000 |                            01100
---------------------------------------------------------------------------------------------------
INFO: [Synth 8-3354] encoded FSM with state register 'state_reg' using encoding 'one-hot' in module 'Ps2Interface'
---------------------------------------------------------------------------------------------------
                   State |                     New Encoding |                Previous Encoding 
---------------------------------------------------------------------------------------------------
                   reset | 0000000000000000000000000000000000001 |                           000000
          reset_wait_ack | 0000000000000000000000000000000000010 |                           000001
reset_wait_bat_completion | 0000000000000000000000000000000000100 |                           000010
           reset_wait_id | 0000000000000000000000000000000001000 |                           000011
reset_set_sample_rate_200 | 0000000000000000000000000000000010000 |                           000100
reset_set_sample_rate_200_wait_ack | 0000000000000000000000000000000100000 |                           000101
reset_send_sample_rate_200 | 0000000000000000000000000000001000000 |                           000110
reset_send_sample_rate_200_wait_ack | 0000000000000000000000000000010000000 |                           000111
reset_set_sample_rate_100 | 0000000000000000000000000000100000000 |                           001000
reset_set_sample_rate_100_wait_ack | 0000000000000000000000000001000000000 |                           001001
reset_send_sample_rate_100 | 0000000000000000000000000010000000000 |                           001010
reset_send_sample_rate_100_wait_ack | 0000000000000000000000000100000000000 |                           001011
reset_set_sample_rate_80 | 0000000000000000000000001000000000000 |                           001100
reset_set_sample_rate_80_wait_ack | 0000000000000000000000010000000000000 |                           001101
reset_send_sample_rate_80 | 0000000000000000000000100000000000000 |                           001110
reset_send_sample_rate_80_wait_ack | 0000000000000000000001000000000000000 |                           001111
           reset_read_id | 0000000000000000000010000000000000000 |                           010000
  reset_read_id_wait_ack | 0000000000000000000100000000000000000 |                           010001
   reset_read_id_wait_id | 0000000000000000001000000000000000000 |                           010010
    reset_set_resolution | 0000000000000000010000000000000000000 |                           010011
reset_set_resolution_wait_ack | 0000000000000000100000000000000000000 |                           010100
   reset_send_resolution | 0000000000000001000000000000000000000 |                           010101
reset_send_resolution_wait_ack | 0000000000000010000000000000000000000 |                           010110
reset_set_sample_rate_40 | 0000000000000100000000000000000000000 |                           010111
reset_set_sample_rate_40_wait_ack | 0000000000001000000000000000000000000 |                           011000
reset_send_sample_rate_40 | 0000000000010000000000000000000000000 |                           011001
reset_send_sample_rate_40_wait_ack | 0000000000100000000000000000000000000 |                           011010
  reset_enable_reporting | 0000000001000000000000000000000000000 |                           011011
reset_enable_reporting_wait_ack | 0000000010000000000000000000000000000 |                           011100
             read_byte_1 | 0000000100000000000000000000000000000 |                           011101
             read_byte_2 | 0000001000000000000000000000000000000 |                           011110
             read_byte_3 | 0000010000000000000000000000000000000 |                           011111
             read_byte_4 | 0000100000000000000000000000000000000 |                           100000
          mark_new_event | 0001000000000000000000000000000000000 |                           100100
           check_read_id | 0010000000000000000000000000000000000 |                           100001
  check_read_id_wait_ack | 0100000000000000000000000000000000000 |                           100010
   check_read_id_wait_id | 1000000000000000000000000000000000000 |                           100011
---------------------------------------------------------------------------------------------------
INFO: [Synth 8-3354] encoded FSM with state register 'state_reg' using encoding 'one-hot' in module 'MouseCtl'
---------------------------------------------------------------------------------------------------
                   State |                     New Encoding |                Previous Encoding 
---------------------------------------------------------------------------------------------------
                  S_SHOW |                             0000 |                             0000
                   S_GAP |                             0001 |                             0001
                  S_WAIT |                             0010 |                             0010
                 S_INPUT |                             0011 |                             0011
                   S_WIN |                             0100 |                             0101
                 S_DELAY |                             0101 |                             0111
                 S_FINAL |                             0110 |                             1000
                  S_HOLD |                             0111 |                             0100
                 S_ERROR |                             1000 |                             0110
---------------------------------------------------------------------------------------------------
INFO: [Synth 8-3354] encoded FSM with state register 'state_reg' using encoding 'sequential' in module 'simon_game'
---------------------------------------------------------------------------------------------------
                   State |                     New Encoding |                Previous Encoding 
---------------------------------------------------------------------------------------------------
                    INIT |                               00 |                              000
              WAIT_PRESS |                               01 |                              001
               NEXT_STEP |                               10 |                              011
                     WIN |                               11 |                              100
---------------------------------------------------------------------------------------------------
INFO: [Synth 8-3354] encoded FSM with state register 'state_reg' using encoding 'sequential' in module 'game_4_logic'
WARNING: [Synth 8-327] inferring latch for variable 'JC_reg' [C:/Users/Jun Yi/Desktop/project_FDP_final/project_FDP_final.srcs/sources_1/new/Top_Student.v:221]
WARNING: [Synth 8-327] inferring latch for variable 'final_oled_B_reg' [C:/Users/Jun Yi/Desktop/project_FDP_final/project_FDP_final.srcs/sources_1/new/Top_Student.v:139]
WARNING: [Synth 8-327] inferring latch for variable 'final_oled_A_reg' [C:/Users/Jun Yi/Desktop/project_FDP_final/project_FDP_final.srcs/sources_1/new/Top_Student.v:165]
---------------------------------------------------------------------------------
Finished RTL Optimization Phase 2 : Time (s): cpu = 00:06:51 ; elapsed = 00:07:39 . Memory (MB): peak = 16635.211 ; gain = 16378.211
---------------------------------------------------------------------------------

Report RTL Partitions: 
+------+------------------+------------+----------+
|      |RTL Partition     |Replication |Instances |
+------+------------------+------------+----------+
|1     |frame_data__GB0   |           1|     59728|
|2     |frame_data__GB1   |           1|     15977|
|3     |frame_data__GB2   |           1|     16501|
|4     |game_2__GC0       |           1|     27561|
|5     |Top_Student__GCB0 |           1|     48828|
|6     |Top_Student__GCB1 |           1|     23037|
|7     |Top_Student__GCB2 |           1|     19542|
+------+------------------+------------+----------+
---------------------------------------------------------------------------------
Start RTL Component Statistics 
---------------------------------------------------------------------------------
Detailed RTL Component Info : 
+---Adders : 
	   2 Input     32 Bit       Adders := 20    
	   2 Input     26 Bit       Adders := 3     
	   2 Input     25 Bit       Adders := 1     
	   2 Input     24 Bit       Adders := 1     
	   2 Input     22 Bit       Adders := 1     
	   2 Input     17 Bit       Adders := 2     
	   2 Input     16 Bit       Adders := 2     
	   2 Input     12 Bit       Adders := 4     
	   2 Input     11 Bit       Adders := 1     
	   3 Input      9 Bit       Adders := 3     
	   2 Input      8 Bit       Adders := 3     
	   3 Input      8 Bit       Adders := 1     
	   2 Input      7 Bit       Adders := 8     
	   2 Input      6 Bit       Adders := 3     
	   2 Input      5 Bit       Adders := 6     
	   2 Input      4 Bit       Adders := 20    
	   2 Input      3 Bit       Adders := 11    
	   5 Input      3 Bit       Adders := 2     
	   2 Input      2 Bit       Adders := 1     
+---XORs : 
	   2 Input      3 Bit         XORs := 5     
	   4 Input      1 Bit         XORs := 3     
+---Registers : 
	               40 Bit    Registers := 2     
	               32 Bit    Registers := 1     
	               26 Bit    Registers := 3     
	               25 Bit    Registers := 1     
	               24 Bit    Registers := 1     
	               22 Bit    Registers := 1     
	               17 Bit    Registers := 2     
	               16 Bit    Registers := 12    
	               12 Bit    Registers := 7     
	               11 Bit    Registers := 2     
	                8 Bit    Registers := 7     
	                7 Bit    Registers := 3     
	                6 Bit    Registers := 2     
	                5 Bit    Registers := 4     
	                4 Bit    Registers := 14    
	                3 Bit    Registers := 34    
	                2 Bit    Registers := 6     
	                1 Bit    Registers := 84    
+---Multipliers : 
	                 2x32  Multipliers := 1     
+---Muxes : 
	   2 Input     40 Bit        Muxes := 6     
	  37 Input     37 Bit        Muxes := 1     
	   2 Input     37 Bit        Muxes := 69    
	   2 Input     32 Bit        Muxes := 5     
	  32 Input     32 Bit        Muxes := 2     
	   2 Input     26 Bit        Muxes := 3     
	   2 Input     25 Bit        Muxes := 8     
	   9 Input     25 Bit        Muxes := 1     
	   2 Input     24 Bit        Muxes := 1     
	   2 Input     22 Bit        Muxes := 2     
	  32 Input     20 Bit        Muxes := 2     
	   2 Input     17 Bit        Muxes := 20    
	  17 Input     17 Bit        Muxes := 1     
	   6 Input     16 Bit        Muxes := 27    
	   2 Input     16 Bit        Muxes := 1926  
	   5 Input     16 Bit        Muxes := 43    
	  13 Input     16 Bit        Muxes := 2     
	   8 Input     16 Bit        Muxes := 14    
	   7 Input     16 Bit        Muxes := 15    
	   9 Input     16 Bit        Muxes := 6     
	   4 Input     16 Bit        Muxes := 51    
	   3 Input     16 Bit        Muxes := 88    
	  11 Input     16 Bit        Muxes := 3     
	  10 Input     16 Bit        Muxes := 7     
	  17 Input     16 Bit        Muxes := 4     
	  16 Input     16 Bit        Muxes := 2     
	  26 Input     16 Bit        Muxes := 1     
	  18 Input     16 Bit        Muxes := 1     
	   2 Input     15 Bit        Muxes := 25    
	   3 Input     15 Bit        Muxes := 5     
	   9 Input     15 Bit        Muxes := 1     
	   4 Input     15 Bit        Muxes := 2     
	   2 Input     14 Bit        Muxes := 4     
	   3 Input     14 Bit        Muxes := 1     
	   2 Input     13 Bit        Muxes := 2     
	   2 Input     12 Bit        Muxes := 17    
	   5 Input     12 Bit        Muxes := 1     
	   8 Input     12 Bit        Muxes := 5     
	   2 Input     11 Bit        Muxes := 1     
	   8 Input     11 Bit        Muxes := 1     
	   5 Input     10 Bit        Muxes := 1     
	   2 Input      9 Bit        Muxes := 2     
	  37 Input      8 Bit        Muxes := 3     
	 225 Input      8 Bit        Muxes := 2     
	   6 Input      7 Bit        Muxes := 2     
	   2 Input      7 Bit        Muxes := 2     
	   8 Input      7 Bit        Muxes := 1     
	  32 Input      6 Bit        Muxes := 2     
	   2 Input      6 Bit        Muxes := 4     
	   5 Input      6 Bit        Muxes := 1     
	  17 Input      5 Bit        Muxes := 2     
	   2 Input      5 Bit        Muxes := 55    
	  32 Input      5 Bit        Muxes := 2     
	   4 Input      5 Bit        Muxes := 1     
	   5 Input      5 Bit        Muxes := 4     
	  14 Input      5 Bit        Muxes := 1     
	   8 Input      5 Bit        Muxes := 1     
	   3 Input      5 Bit        Muxes := 1     
	   9 Input      4 Bit        Muxes := 7     
	  11 Input      4 Bit        Muxes := 3     
	  10 Input      4 Bit        Muxes := 4     
	  16 Input      4 Bit        Muxes := 2     
	   2 Input      4 Bit        Muxes := 15    
	  37 Input      4 Bit        Muxes := 1     
	   6 Input      4 Bit        Muxes := 1     
	   4 Input      4 Bit        Muxes := 4     
	   7 Input      4 Bit        Muxes := 1     
	   6 Input      3 Bit        Muxes := 17    
	   5 Input      3 Bit        Muxes := 33    
	   8 Input      3 Bit        Muxes := 25    
	   7 Input      3 Bit        Muxes := 10    
	   2 Input      3 Bit        Muxes := 34    
	   9 Input      3 Bit        Muxes := 3     
	   4 Input      3 Bit        Muxes := 2     
	   4 Input      2 Bit        Muxes := 39    
	   3 Input      2 Bit        Muxes := 34    
	   8 Input      2 Bit        Muxes := 1     
	   2 Input      2 Bit        Muxes := 6     
	   3 Input      1 Bit        Muxes := 2     
	   2 Input      1 Bit        Muxes := 197   
	   9 Input      1 Bit        Muxes := 7     
	  17 Input      1 Bit        Muxes := 4     
	  37 Input      1 Bit        Muxes := 20    
	   6 Input      1 Bit        Muxes := 3     
	   5 Input      1 Bit        Muxes := 7     
	   4 Input      1 Bit        Muxes := 14    
	  25 Input      1 Bit        Muxes := 1     
	   7 Input      1 Bit        Muxes := 2     
---------------------------------------------------------------------------------
Finished RTL Component Statistics 
---------------------------------------------------------------------------------
---------------------------------------------------------------------------------
Start RTL Hierarchical Component Statistics 
---------------------------------------------------------------------------------
Hierarchical RTL Component report 
Module Top_Student 
Detailed RTL Component Info : 
+---Adders : 
	   2 Input     26 Bit       Adders := 1     
	   2 Input      5 Bit       Adders := 1     
	   2 Input      4 Bit       Adders := 1     
	   2 Input      3 Bit       Adders := 1     
+---Registers : 
	               26 Bit    Registers := 1     
	               16 Bit    Registers := 1     
	                5 Bit    Registers := 1     
	                4 Bit    Registers := 1     
	                3 Bit    Registers := 2     
	                2 Bit    Registers := 4     
	                1 Bit    Registers := 15    
+---Muxes : 
	   2 Input     26 Bit        Muxes := 1     
	   7 Input     16 Bit        Muxes := 2     
	   2 Input      5 Bit        Muxes := 1     
	   2 Input      4 Bit        Muxes := 1     
	   7 Input      4 Bit        Muxes := 1     
	   2 Input      3 Bit        Muxes := 2     
	   2 Input      1 Bit        Muxes := 18    
	  25 Input      1 Bit        Muxes := 1     
	   4 Input      1 Bit        Muxes := 8     
	   5 Input      1 Bit        Muxes := 1     
	   7 Input      1 Bit        Muxes := 2     
Module frame_data 
Detailed RTL Component Info : 
+---Muxes : 
	   6 Input     16 Bit        Muxes := 21    
	   2 Input     16 Bit        Muxes := 895   
	   5 Input     16 Bit        Muxes := 27    
	  13 Input     16 Bit        Muxes := 1     
	   8 Input     16 Bit        Muxes := 7     
	   7 Input     16 Bit        Muxes := 9     
	   9 Input     16 Bit        Muxes := 5     
	   4 Input     16 Bit        Muxes := 35    
	   3 Input     16 Bit        Muxes := 51    
	  11 Input     16 Bit        Muxes := 3     
	  10 Input     16 Bit        Muxes := 4     
	  17 Input     16 Bit        Muxes := 2     
	  16 Input     16 Bit        Muxes := 2     
	  26 Input     16 Bit        Muxes := 1     
	   2 Input     15 Bit        Muxes := 2     
	   3 Input     15 Bit        Muxes := 1     
	   2 Input     14 Bit        Muxes := 1     
	  17 Input      5 Bit        Muxes := 2     
	   9 Input      4 Bit        Muxes := 4     
	  11 Input      4 Bit        Muxes := 3     
	  10 Input      4 Bit        Muxes := 4     
	  16 Input      4 Bit        Muxes := 2     
	   6 Input      3 Bit        Muxes := 13    
	   5 Input      3 Bit        Muxes := 17    
	   8 Input      3 Bit        Muxes := 7     
	   7 Input      3 Bit        Muxes := 8     
	   4 Input      2 Bit        Muxes := 23    
	   3 Input      2 Bit        Muxes := 23    
Module tone_generator 
Detailed RTL Component Info : 
+---Registers : 
	                1 Bit    Registers := 1     
+---Muxes : 
	   2 Input     32 Bit        Muxes := 1     
	   3 Input      1 Bit        Muxes := 1     
	   2 Input      1 Bit        Muxes := 1     
Module simon_game 
Detailed RTL Component Info : 
+---Adders : 
	   2 Input     25 Bit       Adders := 1     
	   2 Input      4 Bit       Adders := 2     
	   2 Input      3 Bit       Adders := 2     
+---Registers : 
	               25 Bit    Registers := 1     
	                4 Bit    Registers := 2     
	                3 Bit    Registers := 5     
	                1 Bit    Registers := 1     
+---Muxes : 
	   2 Input     25 Bit        Muxes := 8     
	   9 Input     25 Bit        Muxes := 1     
	   5 Input     10 Bit        Muxes := 1     
	   2 Input      4 Bit        Muxes := 6     
	   9 Input      4 Bit        Muxes := 2     
	   8 Input      3 Bit        Muxes := 4     
	   5 Input      3 Bit        Muxes := 3     
	   2 Input      3 Bit        Muxes := 2     
	   9 Input      3 Bit        Muxes := 3     
	   8 Input      2 Bit        Muxes := 1     
	   2 Input      1 Bit        Muxes := 4     
	   9 Input      1 Bit        Muxes := 7     
Module manual 
Detailed RTL Component Info : 
+---Muxes : 
	   8 Input     16 Bit        Muxes := 1     
	   2 Input     16 Bit        Muxes := 275   
	   7 Input     16 Bit        Muxes := 1     
	   3 Input     16 Bit        Muxes := 12    
	   4 Input     16 Bit        Muxes := 4     
	   5 Input     16 Bit        Muxes := 3     
	   2 Input     15 Bit        Muxes := 1     
	   2 Input     14 Bit        Muxes := 1     
	   8 Input      3 Bit        Muxes := 1     
	   7 Input      3 Bit        Muxes := 1     
	   5 Input      3 Bit        Muxes := 3     
	   3 Input      2 Bit        Muxes := 1     
	   4 Input      2 Bit        Muxes := 2     
Module game_2 
Detailed RTL Component Info : 
+---Adders : 
	   2 Input      3 Bit       Adders := 1     
+---Registers : 
	                3 Bit    Registers := 1     
	                1 Bit    Registers := 4     
+---Muxes : 
	   2 Input      3 Bit        Muxes := 4     
	   2 Input      1 Bit        Muxes := 9     
Module Oled_Display__1 
Detailed RTL Component Info : 
+---Adders : 
	   2 Input     17 Bit       Adders := 1     
	   2 Input      6 Bit       Adders := 1     
+---Registers : 
	               40 Bit    Registers := 1     
	               17 Bit    Registers := 1     
	                6 Bit    Registers := 1     
+---Muxes : 
	   2 Input     40 Bit        Muxes := 3     
	  32 Input     32 Bit        Muxes := 1     
	   2 Input     32 Bit        Muxes := 2     
	  32 Input     20 Bit        Muxes := 1     
	   2 Input     17 Bit        Muxes := 1     
	  32 Input      6 Bit        Muxes := 1     
	   2 Input      6 Bit        Muxes := 1     
	   2 Input      5 Bit        Muxes := 2     
	  32 Input      5 Bit        Muxes := 1     
	   2 Input      1 Bit        Muxes := 2     
Module Ps2Interface 
Detailed RTL Component Info : 
+---Adders : 
	   2 Input     11 Bit       Adders := 1     
	   2 Input      7 Bit       Adders := 1     
	   2 Input      4 Bit       Adders := 3     
+---Registers : 
	               11 Bit    Registers := 2     
	                8 Bit    Registers := 1     
	                7 Bit    Registers := 1     
	                4 Bit    Registers := 3     
	                1 Bit    Registers := 17    
+---Muxes : 
	  17 Input     17 Bit        Muxes := 1     
	   2 Input     17 Bit        Muxes := 18    
	   2 Input     11 Bit        Muxes := 1     
	   2 Input      1 Bit        Muxes := 3     
	  17 Input      1 Bit        Muxes := 4     
Module MouseCtl 
Detailed RTL Component Info : 
+---Adders : 
	   2 Input     26 Bit       Adders := 1     
	   2 Input     24 Bit       Adders := 1     
	   2 Input     12 Bit       Adders := 4     
	   2 Input      8 Bit       Adders := 1     
+---Registers : 
	               26 Bit    Registers := 1     
	               24 Bit    Registers := 1     
	               12 Bit    Registers := 6     
	                8 Bit    Registers := 3     
	                4 Bit    Registers := 1     
	                1 Bit    Registers := 17    
+---Muxes : 
	  37 Input     37 Bit        Muxes := 1     
	   2 Input     37 Bit        Muxes := 69    
	   2 Input     26 Bit        Muxes := 1     
	   2 Input     24 Bit        Muxes := 1     
	   2 Input     12 Bit        Muxes := 10    
	   2 Input      9 Bit        Muxes := 2     
	  37 Input      8 Bit        Muxes := 3     
	  37 Input      4 Bit        Muxes := 1     
	   2 Input      1 Bit        Muxes := 5     
	  37 Input      1 Bit        Muxes := 20    
Module colour_mux__1 
Detailed RTL Component Info : 
+---Registers : 
	               16 Bit    Registers := 1     
	                3 Bit    Registers := 1     
+---Muxes : 
	   8 Input     16 Bit        Muxes := 1     
	   8 Input      3 Bit        Muxes := 1     
Module colour_mux__2 
Detailed RTL Component Info : 
+---Registers : 
	               16 Bit    Registers := 1     
	                3 Bit    Registers := 1     
+---Muxes : 
	   8 Input     16 Bit        Muxes := 1     
	   8 Input      3 Bit        Muxes := 1     
Module colour_mux__3 
Detailed RTL Component Info : 
+---Registers : 
	               16 Bit    Registers := 1     
	                3 Bit    Registers := 1     
+---Muxes : 
	   8 Input     16 Bit        Muxes := 1     
	   8 Input      3 Bit        Muxes := 1     
Module colour_mux__4 
Detailed RTL Component Info : 
+---Registers : 
	               16 Bit    Registers := 1     
	                3 Bit    Registers := 1     
+---Muxes : 
	   8 Input     16 Bit        Muxes := 1     
	   8 Input      3 Bit        Muxes := 1     
Module colour_mux 
Detailed RTL Component Info : 
+---Registers : 
	               16 Bit    Registers := 1     
	                3 Bit    Registers := 1     
+---Muxes : 
	   8 Input     16 Bit        Muxes := 1     
	   8 Input      3 Bit        Muxes := 1     
Module cut_the_wire_game 
Detailed RTL Component Info : 
+---Adders : 
	   3 Input      9 Bit       Adders := 3     
	   2 Input      8 Bit       Adders := 1     
	   3 Input      8 Bit       Adders := 1     
	   2 Input      7 Bit       Adders := 3     
	   2 Input      6 Bit       Adders := 1     
	   2 Input      4 Bit       Adders := 1     
	   5 Input      3 Bit       Adders := 2     
	   2 Input      3 Bit       Adders := 3     
+---XORs : 
	   2 Input      3 Bit         XORs := 5     
	   4 Input      1 Bit         XORs := 1     
+---Registers : 
	               32 Bit    Registers := 1     
	               16 Bit    Registers := 2     
	               12 Bit    Registers := 1     
	                8 Bit    Registers := 1     
	                7 Bit    Registers := 2     
	                5 Bit    Registers := 3     
	                4 Bit    Registers := 1     
	                3 Bit    Registers := 8     
	                1 Bit    Registers := 11    
+---Muxes : 
	   2 Input     16 Bit        Muxes := 125   
	   3 Input     16 Bit        Muxes := 8     
	   7 Input     16 Bit        Muxes := 2     
	  10 Input     16 Bit        Muxes := 1     
	   4 Input     16 Bit        Muxes := 5     
	   6 Input     16 Bit        Muxes := 1     
	   5 Input     16 Bit        Muxes := 1     
	   9 Input     15 Bit        Muxes := 1     
	   2 Input     15 Bit        Muxes := 1     
	   2 Input     12 Bit        Muxes := 1     
	   5 Input     12 Bit        Muxes := 1     
	   6 Input      7 Bit        Muxes := 2     
	   2 Input      7 Bit        Muxes := 1     
	   2 Input      6 Bit        Muxes := 2     
	   5 Input      6 Bit        Muxes := 1     
	   2 Input      5 Bit        Muxes := 27    
	   2 Input      4 Bit        Muxes := 4     
	   2 Input      3 Bit        Muxes := 16    
	   6 Input      3 Bit        Muxes := 1     
	   5 Input      3 Bit        Muxes := 2     
	   2 Input      2 Bit        Muxes := 1     
	   4 Input      2 Bit        Muxes := 2     
	   3 Input      2 Bit        Muxes := 2     
	   2 Input      1 Bit        Muxes := 112   
	   6 Input      1 Bit        Muxes := 3     
	   3 Input      1 Bit        Muxes := 1     
	   5 Input      1 Bit        Muxes := 6     
Module game_4_logic 
Detailed RTL Component Info : 
+---Adders : 
	   2 Input      3 Bit       Adders := 1     
	   2 Input      2 Bit       Adders := 1     
+---Registers : 
	                4 Bit    Registers := 1     
	                3 Bit    Registers := 10    
	                2 Bit    Registers := 2     
	                1 Bit    Registers := 2     
+---Muxes : 
	   2 Input     12 Bit        Muxes := 6     
	   6 Input      4 Bit        Muxes := 1     
	   4 Input      4 Bit        Muxes := 1     
	   4 Input      3 Bit        Muxes := 1     
	   8 Input      3 Bit        Muxes := 7     
	   4 Input      2 Bit        Muxes := 9     
	   2 Input      2 Bit        Muxes := 2     
	   2 Input      1 Bit        Muxes := 2     
	   4 Input      1 Bit        Muxes := 5     
Module char_rom 
Detailed RTL Component Info : 
+---Muxes : 
	 225 Input      8 Bit        Muxes := 1     
Module text_engine_v 
Detailed RTL Component Info : 
+---Adders : 
	   2 Input      5 Bit       Adders := 1     
	   2 Input      4 Bit       Adders := 1     
	   2 Input      3 Bit       Adders := 1     
+---Muxes : 
	   4 Input      5 Bit        Muxes := 1     
	   5 Input      5 Bit        Muxes := 1     
	   4 Input      2 Bit        Muxes := 1     
Module char_rom__1 
Detailed RTL Component Info : 
+---Muxes : 
	 225 Input      8 Bit        Muxes := 1     
Module text_engine_h 
Detailed RTL Component Info : 
+---Muxes : 
	  14 Input      5 Bit        Muxes := 1     
Module symbol_renderer_A 
Detailed RTL Component Info : 
+---Muxes : 
	   2 Input     16 Bit        Muxes := 159   
	   3 Input     16 Bit        Muxes := 4     
	   5 Input     16 Bit        Muxes := 2     
	  13 Input     16 Bit        Muxes := 1     
	   4 Input     16 Bit        Muxes := 1     
	   6 Input     16 Bit        Muxes := 1     
	   2 Input     15 Bit        Muxes := 13    
	   3 Input     15 Bit        Muxes := 1     
	   4 Input     15 Bit        Muxes := 1     
	   2 Input     13 Bit        Muxes := 1     
	   5 Input      3 Bit        Muxes := 2     
Module symbol_renderer_B 
Detailed RTL Component Info : 
+---Muxes : 
	   2 Input     16 Bit        Muxes := 199   
	   5 Input     16 Bit        Muxes := 1     
	   3 Input     16 Bit        Muxes := 2     
	   6 Input     16 Bit        Muxes := 1     
	   2 Input     15 Bit        Muxes := 6     
	   3 Input     15 Bit        Muxes := 3     
	   2 Input     14 Bit        Muxes := 1     
	   3 Input      2 Bit        Muxes := 3     
Module game_4_graphics 
Detailed RTL Component Info : 
+---Adders : 
	   2 Input     32 Bit       Adders := 4     
	   2 Input      7 Bit       Adders := 1     
	   2 Input      5 Bit       Adders := 4     
	   2 Input      4 Bit       Adders := 7     
+---Multipliers : 
	                 2x32  Multipliers := 1     
+---Muxes : 
	   2 Input     16 Bit        Muxes := 13    
	   2 Input     15 Bit        Muxes := 1     
	   2 Input      5 Bit        Muxes := 6     
	   4 Input      4 Bit        Muxes := 1     
	   5 Input      3 Bit        Muxes := 1     
	   4 Input      3 Bit        Muxes := 1     
	   2 Input      2 Bit        Muxes := 3     
Module game_4 
Detailed RTL Component Info : 
+---Adders : 
	   2 Input      8 Bit       Adders := 1     
+---Registers : 
	                8 Bit    Registers := 1     
Module maze_game 
Detailed RTL Component Info : 
+---Adders : 
	   2 Input     32 Bit       Adders := 4     
	   2 Input     22 Bit       Adders := 1     
	   2 Input      7 Bit       Adders := 1     
	   2 Input      4 Bit       Adders := 1     
	   2 Input      3 Bit       Adders := 2     
+---XORs : 
	   4 Input      1 Bit         XORs := 1     
+---Registers : 
	               22 Bit    Registers := 1     
	                8 Bit    Registers := 1     
	                4 Bit    Registers := 1     
	                3 Bit    Registers := 3     
	                1 Bit    Registers := 3     
+---Muxes : 
	   2 Input     22 Bit        Muxes := 2     
	   2 Input     16 Bit        Muxes := 2     
	   8 Input     12 Bit        Muxes := 5     
	   8 Input     11 Bit        Muxes := 1     
	   8 Input      5 Bit        Muxes := 1     
	   2 Input      4 Bit        Muxes := 1     
	   2 Input      3 Bit        Muxes := 10    
	   2 Input      1 Bit        Muxes := 17    
Module Oled_Display 
Detailed RTL Component Info : 
+---Adders : 
	   2 Input     17 Bit       Adders := 1     
	   2 Input      6 Bit       Adders := 1     
+---Registers : 
	               40 Bit    Registers := 1     
	               17 Bit    Registers := 1     
	                6 Bit    Registers := 1     
+---Muxes : 
	   2 Input     40 Bit        Muxes := 3     
	  32 Input     32 Bit        Muxes := 1     
	   2 Input     32 Bit        Muxes := 2     
	  32 Input     20 Bit        Muxes := 1     
	   2 Input     17 Bit        Muxes := 1     
	  32 Input      6 Bit        Muxes := 1     
	   2 Input      6 Bit        Muxes := 1     
	   2 Input      5 Bit        Muxes := 2     
	  32 Input      5 Bit        Muxes := 1     
	   2 Input      1 Bit        Muxes := 2     
Module start_instructions_screen 
Detailed RTL Component Info : 
+---Registers : 
	               16 Bit    Registers := 1     
+---Muxes : 
	  10 Input     16 Bit        Muxes := 1     
	   4 Input     16 Bit        Muxes := 3     
	   2 Input     16 Bit        Muxes := 112   
	  18 Input     16 Bit        Muxes := 1     
	   6 Input     16 Bit        Muxes := 3     
	   3 Input     16 Bit        Muxes := 5     
	   5 Input     16 Bit        Muxes := 3     
	   7 Input     16 Bit        Muxes := 1     
	   8 Input     16 Bit        Muxes := 1     
	   4 Input     15 Bit        Muxes := 1     
	   6 Input      3 Bit        Muxes := 3     
	   5 Input      3 Bit        Muxes := 3     
	   7 Input      3 Bit        Muxes := 1     
	   8 Input      3 Bit        Muxes := 1     
	   4 Input      2 Bit        Muxes := 2     
	   3 Input      2 Bit        Muxes := 4     
Module reset_instructions_screen 
Detailed RTL Component Info : 
+---Adders : 
	   2 Input     32 Bit       Adders := 9     
	   2 Input      7 Bit       Adders := 2     
+---Muxes : 
	   3 Input     16 Bit        Muxes := 1     
	   2 Input     16 Bit        Muxes := 13    
Module diffused_screen 
Detailed RTL Component Info : 
+---Muxes : 
	  17 Input     16 Bit        Muxes := 1     
Module exploded_screen 
Detailed RTL Component Info : 
+---Adders : 
	   2 Input     32 Bit       Adders := 3     
+---Muxes : 
	  17 Input     16 Bit        Muxes := 1     
Module start_screen 
Detailed RTL Component Info : 
+---Adders : 
	   2 Input     26 Bit       Adders := 1     
+---Registers : 
	               26 Bit    Registers := 1     
	               16 Bit    Registers := 1     
	                1 Bit    Registers := 1     
+---Muxes : 
	   2 Input     26 Bit        Muxes := 1     
	   2 Input     16 Bit        Muxes := 129   
	   4 Input     16 Bit        Muxes := 3     
	   9 Input     16 Bit        Muxes := 1     
	   3 Input     16 Bit        Muxes := 5     
	   5 Input     16 Bit        Muxes := 6     
	  10 Input     16 Bit        Muxes := 1     
	   2 Input     15 Bit        Muxes := 1     
	   3 Input     14 Bit        Muxes := 1     
	   2 Input     14 Bit        Muxes := 1     
	   2 Input     13 Bit        Muxes := 1     
	   5 Input      5 Bit        Muxes := 3     
	   2 Input      5 Bit        Muxes := 16    
	   3 Input      5 Bit        Muxes := 1     
	   9 Input      4 Bit        Muxes := 1     
	   5 Input      3 Bit        Muxes := 2     
	   3 Input      2 Bit        Muxes := 1     
	   2 Input      1 Bit        Muxes := 1     
Module top_timer 
Detailed RTL Component Info : 
+---Adders : 
	   2 Input     16 Bit       Adders := 2     
	   2 Input      4 Bit       Adders := 4     
+---XORs : 
	   4 Input      1 Bit         XORs := 1     
+---Registers : 
	               16 Bit    Registers := 2     
	                4 Bit    Registers := 4     
	                1 Bit    Registers := 2     
+---Muxes : 
	   2 Input     16 Bit        Muxes := 4     
	   2 Input      7 Bit        Muxes := 1     
	   8 Input      7 Bit        Muxes := 1     
	   2 Input      5 Bit        Muxes := 1     
	   2 Input      4 Bit        Muxes := 3     
	   4 Input      4 Bit        Muxes := 2     
	   2 Input      1 Bit        Muxes := 16    
	   4 Input      1 Bit        Muxes := 1     
Module debouncer__1 
Detailed RTL Component Info : 
+---Registers : 
	                1 Bit    Registers := 2     
+---Muxes : 
	   2 Input      1 Bit        Muxes := 1     
Module debouncer__2 
Detailed RTL Component Info : 
+---Registers : 
	                1 Bit    Registers := 2     
+---Muxes : 
	   2 Input      1 Bit        Muxes := 1     
Module debouncer__3 
Detailed RTL Component Info : 
+---Registers : 
	                1 Bit    Registers := 2     
+---Muxes : 
	   2 Input      1 Bit        Muxes := 1     
Module debouncer__4 
Detailed RTL Component Info : 
+---Registers : 
	                1 Bit    Registers := 2     
+---Muxes : 
	   2 Input      1 Bit        Muxes := 1     
Module debouncer 
Detailed RTL Component Info : 
+---Registers : 
	                1 Bit    Registers := 2     
+---Muxes : 
	   2 Input      1 Bit        Muxes := 1     
---------------------------------------------------------------------------------
Finished RTL Hierarchical Component Statistics
---------------------------------------------------------------------------------
---------------------------------------------------------------------------------
Start Part Resource Summary
---------------------------------------------------------------------------------
Part Resources:
DSPs: 90 (col length:60)
BRAMs: 100 (col length: RAMB18 60 RAMB36 30)
---------------------------------------------------------------------------------
Finished Part Resource Summary
---------------------------------------------------------------------------------
---------------------------------------------------------------------------------
Start Cross Boundary and Area Optimization
---------------------------------------------------------------------------------
WARNING: [Synth 8-3917] design Top_Student has port JB[2] driven by constant 0
WARNING: [Synth 8-3917] design Top_Student has port JA[2] driven by constant 0
INFO: [Synth 8-5546] ROM "p_0_out" won't be mapped to RAM because it is too sparse
INFO: [Synth 8-5546] ROM "p_0_out" won't be mapped to RAM because it is too sparse
INFO: [Synth 8-5545] ROM "simon/tone_gen/counter" won't be mapped to RAM because address size (32) is larger than maximum supported(25)
WARNING: [Synth 8-3331] design manual has unconnected port clk
INFO: [Synth 8-5545] ROM "periodic_check_tick" won't be mapped to RAM because address size (26) is larger than maximum supported(25)
INFO: [Synth 8-5546] ROM "timeout" won't be mapped to RAM because it is too sparse
INFO: [Synth 8-5546] ROM "p_0_out" won't be mapped to RAM because it is too sparse
INFO: [Synth 8-5546] ROM "p_0_out" won't be mapped to RAM because it is too sparse
INFO: [Synth 8-5546] ROM "color_s41" won't be mapped to RAM because it is too sparse
INFO: [Synth 8-5546] ROM "color_s7" won't be mapped to RAM because it is too sparse
INFO: [Synth 8-5546] ROM "color_s41" won't be mapped to RAM because it is too sparse
INFO: [Synth 8-5546] ROM "color_s7" won't be mapped to RAM because it is too sparse
INFO: [Synth 8-5546] ROM "color_s1" won't be mapped to RAM because it is too sparse
INFO: [Synth 8-5546] ROM "data01" won't be mapped to RAM because it is too sparse
INFO: [Synth 8-5546] ROM "p_0_in1" won't be mapped to RAM because it is too sparse
INFO: [Synth 8-5546] ROM "JB_OLED/fsm_next_state0" won't be mapped to RAM because it is too sparse
INFO: [Synth 8-5546] ROM "JB_OLED/fsm_next_state0" won't be mapped to RAM because it is too sparse
WARNING: [Synth 8-3917] design Top_Student__GCB0 has port JB[6] driven by constant 1
WARNING: [Synth 8-3331] design text_engine_v has unconnected port x[6]
WARNING: [Synth 8-3331] design text_engine_v has unconnected port x[5]
WARNING: [Synth 8-3331] design text_engine_v has unconnected port x[4]
WARNING: [Synth 8-3331] design text_engine_v has unconnected port y[5]
WARNING: [Synth 8-3331] design game_4_graphics has unconnected port clk
WARNING: [Synth 8-3331] design cut_the_wire_game has unconnected port output_btnU
WARNING: [Synth 8-3331] design cut_the_wire_game has unconnected port sw[15]
WARNING: [Synth 8-3331] design cut_the_wire_game has unconnected port sw[14]
WARNING: [Synth 8-3331] design cut_the_wire_game has unconnected port sw[13]
WARNING: [Synth 8-3331] design cut_the_wire_game has unconnected port sw[12]
WARNING: [Synth 8-3331] design cut_the_wire_game has unconnected port sw[11]
WARNING: [Synth 8-3331] design cut_the_wire_game has unconnected port sw[10]
WARNING: [Synth 8-3331] design cut_the_wire_game has unconnected port sw[9]
WARNING: [Synth 8-3331] design cut_the_wire_game has unconnected port sw[8]
WARNING: [Synth 8-3331] design cut_the_wire_game has unconnected port sw[7]
WARNING: [Synth 8-3331] design cut_the_wire_game has unconnected port sw[6]
WARNING: [Synth 8-3331] design cut_the_wire_game has unconnected port sw[5]
WARNING: [Synth 8-3331] design cut_the_wire_game has unconnected port sw[4]
WARNING: [Synth 8-3331] design cut_the_wire_game has unconnected port sw[3]
WARNING: [Synth 8-3331] design cut_the_wire_game has unconnected port sw[2]
WARNING: [Synth 8-3331] design cut_the_wire_game has unconnected port sw[1]
WARNING: [Synth 8-3331] design cut_the_wire_game has unconnected port sw[0]
INFO: [Synth 8-3886] merging instance 'chen_wen_game/for_wire5/oled_data_reg[0]' (FD) to 'chen_wen_game/for_wire5/oled_data_reg[1]'
INFO: [Synth 8-3886] merging instance 'chen_wen_game/for_wire4/oled_data_reg[0]' (FD) to 'chen_wen_game/for_wire4/oled_data_reg[1]'
INFO: [Synth 8-3886] merging instance 'chen_wen_game/for_wire3/oled_data_reg[0]' (FD) to 'chen_wen_game/for_wire3/oled_data_reg[1]'
INFO: [Synth 8-3886] merging instance 'chen_wen_game/for_wire2/oled_data_reg[0]' (FD) to 'chen_wen_game/for_wire2/oled_data_reg[1]'
INFO: [Synth 8-3886] merging instance 'chen_wen_game/for_wire1/oled_data_reg[0]' (FD) to 'chen_wen_game/for_wire1/oled_data_reg[1]'
INFO: [Synth 8-3886] merging instance 'chen_wen_game/for_wire5/oled_data_reg[1]' (FD) to 'chen_wen_game/for_wire5/oled_data_reg[2]'
INFO: [Synth 8-3886] merging instance 'chen_wen_game/for_wire4/oled_data_reg[1]' (FD) to 'chen_wen_game/for_wire4/oled_data_reg[2]'
INFO: [Synth 8-3886] merging instance 'chen_wen_game/for_wire3/oled_data_reg[1]' (FD) to 'chen_wen_game/for_wire3/oled_data_reg[2]'
INFO: [Synth 8-3886] merging instance 'chen_wen_game/for_wire2/oled_data_reg[1]' (FD) to 'chen_wen_game/for_wire2/oled_data_reg[2]'
INFO: [Synth 8-3886] merging instance 'chen_wen_game/for_wire1/oled_data_reg[1]' (FD) to 'chen_wen_game/for_wire1/oled_data_reg[2]'
INFO: [Synth 8-3886] merging instance 'chen_wen_game/for_wire5/oled_data_reg[2]' (FD) to 'chen_wen_game/for_wire5/oled_data_reg[3]'
INFO: [Synth 8-3886] merging instance 'chen_wen_game/for_wire4/oled_data_reg[2]' (FD) to 'chen_wen_game/for_wire4/oled_data_reg[3]'
INFO: [Synth 8-3886] merging instance 'chen_wen_game/for_wire3/oled_data_reg[2]' (FD) to 'chen_wen_game/for_wire3/oled_data_reg[3]'
INFO: [Synth 8-3886] merging instance 'chen_wen_game/for_wire2/oled_data_reg[2]' (FD) to 'chen_wen_game/for_wire2/oled_data_reg[3]'
INFO: [Synth 8-3886] merging instance 'chen_wen_game/for_wire1/oled_data_reg[2]' (FD) to 'chen_wen_game/for_wire1/oled_data_reg[3]'
INFO: [Synth 8-3886] merging instance 'chen_wen_game/for_wire5/oled_data_reg[5]' (FD) to 'chen_wen_game/for_wire5/oled_data_reg[8]'
INFO: [Synth 8-3886] merging instance 'chen_wen_game/for_wire4/oled_data_reg[5]' (FD) to 'chen_wen_game/for_wire4/oled_data_reg[8]'
INFO: [Synth 8-3886] merging instance 'chen_wen_game/for_wire3/oled_data_reg[5]' (FD) to 'chen_wen_game/for_wire3/oled_data_reg[8]'
INFO: [Synth 8-3886] merging instance 'chen_wen_game/for_wire2/oled_data_reg[5]' (FD) to 'chen_wen_game/for_wire2/oled_data_reg[8]'
INFO: [Synth 8-3886] merging instance 'chen_wen_game/for_wire1/oled_data_reg[5]' (FD) to 'chen_wen_game/for_wire1/oled_data_reg[8]'
INFO: [Synth 8-3886] merging instance 'chen_wen_game/for_wire5/oled_data_reg[6]' (FD) to 'chen_wen_game/for_wire5/oled_data_reg[7]'
INFO: [Synth 8-3886] merging instance 'chen_wen_game/for_wire4/oled_data_reg[6]' (FD) to 'chen_wen_game/for_wire4/oled_data_reg[7]'
INFO: [Synth 8-3886] merging instance 'chen_wen_game/for_wire3/oled_data_reg[6]' (FD) to 'chen_wen_game/for_wire3/oled_data_reg[7]'
INFO: [Synth 8-3886] merging instance 'chen_wen_game/for_wire2/oled_data_reg[6]' (FD) to 'chen_wen_game/for_wire2/oled_data_reg[7]'
INFO: [Synth 8-3886] merging instance 'chen_wen_game/for_wire1/oled_data_reg[6]' (FD) to 'chen_wen_game/for_wire1/oled_data_reg[7]'
INFO: [Synth 8-3886] merging instance 'chen_wen_game/for_wire5/oled_data_reg[7]' (FD) to 'chen_wen_game/for_wire5/oled_data_reg[9]'
INFO: [Synth 8-3886] merging instance 'chen_wen_game/for_wire4/oled_data_reg[7]' (FD) to 'chen_wen_game/for_wire4/oled_data_reg[9]'
INFO: [Synth 8-3886] merging instance 'chen_wen_game/for_wire3/oled_data_reg[7]' (FD) to 'chen_wen_game/for_wire3/oled_data_reg[9]'
INFO: [Synth 8-3886] merging instance 'chen_wen_game/for_wire2/oled_data_reg[7]' (FD) to 'chen_wen_game/for_wire2/oled_data_reg[9]'
INFO: [Synth 8-3886] merging instance 'chen_wen_game/for_wire1/oled_data_reg[7]' (FD) to 'chen_wen_game/for_wire1/oled_data_reg[9]'
INFO: [Synth 8-3886] merging instance 'chen_wen_game/for_wire5/oled_data_reg[11]' (FD) to 'chen_wen_game/for_wire5/oled_data_reg[12]'
INFO: [Synth 8-3886] merging instance 'chen_wen_game/for_wire4/oled_data_reg[11]' (FD) to 'chen_wen_game/for_wire4/oled_data_reg[12]'
INFO: [Synth 8-3886] merging instance 'chen_wen_game/for_wire3/oled_data_reg[11]' (FD) to 'chen_wen_game/for_wire3/oled_data_reg[12]'
INFO: [Synth 8-3886] merging instance 'chen_wen_game/for_wire2/oled_data_reg[11]' (FD) to 'chen_wen_game/for_wire2/oled_data_reg[12]'
INFO: [Synth 8-3886] merging instance 'chen_wen_game/for_wire1/oled_data_reg[11]' (FD) to 'chen_wen_game/for_wire1/oled_data_reg[12]'
INFO: [Synth 8-3886] merging instance 'chen_wen_game/for_wire5/oled_data_reg[12]' (FD) to 'chen_wen_game/for_wire5/oled_data_reg[13]'
INFO: [Synth 8-3886] merging instance 'chen_wen_game/for_wire4/oled_data_reg[12]' (FD) to 'chen_wen_game/for_wire4/oled_data_reg[13]'
INFO: [Synth 8-3886] merging instance 'chen_wen_game/for_wire3/oled_data_reg[12]' (FD) to 'chen_wen_game/for_wire3/oled_data_reg[13]'
INFO: [Synth 8-3886] merging instance 'chen_wen_game/for_wire2/oled_data_reg[12]' (FD) to 'chen_wen_game/for_wire2/oled_data_reg[13]'
INFO: [Synth 8-3886] merging instance 'chen_wen_game/for_wire1/oled_data_reg[12]' (FD) to 'chen_wen_game/for_wire1/oled_data_reg[13]'
INFO: [Synth 8-3886] merging instance 'chen_wen_game/for_wire5/oled_data_reg[13]' (FD) to 'chen_wen_game/for_wire5/oled_data_reg[14]'
INFO: [Synth 8-3886] merging instance 'chen_wen_game/for_wire4/oled_data_reg[13]' (FD) to 'chen_wen_game/for_wire4/oled_data_reg[14]'
INFO: [Synth 8-3886] merging instance 'chen_wen_game/for_wire3/oled_data_reg[13]' (FD) to 'chen_wen_game/for_wire3/oled_data_reg[14]'
INFO: [Synth 8-3886] merging instance 'chen_wen_game/for_wire2/oled_data_reg[13]' (FD) to 'chen_wen_game/for_wire2/oled_data_reg[14]'
INFO: [Synth 8-3886] merging instance 'chen_wen_game/for_wire1/oled_data_reg[13]' (FD) to 'chen_wen_game/for_wire1/oled_data_reg[14]'
INFO: [Synth 8-3886] merging instance 'chen_wen_game/value_in_reg[0]' (FDE) to 'chen_wen_game/value_in_reg[4]'
INFO: [Synth 8-3886] merging instance 'chen_wen_game/value_in_reg[1]' (FDE) to 'chen_wen_game/value_in_reg[4]'
INFO: [Synth 8-3886] merging instance 'chen_wen_game/value_in_reg[2]' (FDE) to 'chen_wen_game/value_in_reg[4]'
INFO: [Synth 8-3886] merging instance 'chen_wen_game/value_in_reg[3]' (FDE) to 'chen_wen_game/value_in_reg[4]'
INFO: [Synth 8-3886] merging instance 'chen_wen_game/value_in_reg[7]' (FDE) to 'chen_wen_game/value_in_reg[11]'
INFO: [Synth 8-3886] merging instance 'chen_wen_game/value_in_reg[8]' (FDE) to 'chen_wen_game/value_in_reg[11]'
INFO: [Synth 8-3886] merging instance 'chen_wen_game/value_in_reg[9]' (FDE) to 'chen_wen_game/value_in_reg[11]'
INFO: [Synth 8-3886] merging instance 'chen_wen_game/value_in_reg[11]' (FDE) to 'chen_wen_game/value_in_reg[10]'
INFO: [Synth 8-3333] propagating constant 0 across sequential element (chen_wen_game/\value_in_reg[10] )
INFO: [Synth 8-3886] merging instance 'chen_wen_game/selector_x2_reg[2]' (FDE) to 'chen_wen_game/selector_x2_reg[3]'
INFO: [Synth 8-3886] merging instance 'jun_yi_game/logic/os0_reg[0]' (FDE) to 'jun_yi_game/logic/ps0_reg[0]'
INFO: [Synth 8-3886] merging instance 'jun_yi_game/logic/os2_reg[1]' (FDE) to 'jun_yi_game/logic/ps2_reg[1]'
INFO: [Synth 8-3886] merging instance 'jun_yi_game/logic/os2_reg[0]' (FDE) to 'jun_yi_game/logic/ps0_reg[0]'
INFO: [Synth 8-3886] merging instance 'jun_yi_game/logic/os0_reg[1]' (FDE) to 'jun_yi_game/logic/ps0_reg[1]'
INFO: [Synth 8-3886] merging instance 'jun_yi_game/logic/os1_reg[0]' (FDE) to 'jun_yi_game/logic/ps3_reg[0]'
INFO: [Synth 8-3886] merging instance 'jun_yi_game/logic/os3_reg[0]' (FDE) to 'jun_yi_game/logic/ps3_reg[0]'
INFO: [Synth 8-3886] merging instance 'jun_yi_game/logic/ps3_reg[0]' (FDE) to 'jun_yi_game/logic/ps1_reg[0]'
INFO: [Synth 8-3886] merging instance 'jun_yi_game/logic/ps0_reg[0]' (FDE) to 'jun_yi_game/logic/ps2_reg[0]'
INFO: [Synth 8-3886] merging instance 'chen_wen_game/oled_data_reg[0]' (FDRE) to 'chen_wen_game/oled_data_reg[3]'
INFO: [Synth 8-3886] merging instance 'chen_wen_game/oled_data_reg[1]' (FDRE) to 'chen_wen_game/oled_data_reg[3]'
INFO: [Synth 8-3886] merging instance 'chen_wen_game/oled_data_reg[2]' (FDRE) to 'chen_wen_game/oled_data_reg[3]'
INFO: [Synth 8-3886] merging instance 'chen_wen_game/oled_data_reg[5]' (FDSE) to 'chen_wen_game/oled_data_reg[8]'
INFO: [Synth 8-3886] merging instance 'chen_wen_game/oled_data_reg[6]' (FDSE) to 'chen_wen_game/oled_data_reg[9]'
INFO: [Synth 8-3886] merging instance 'chen_wen_game/oled_data_reg[7]' (FDSE) to 'chen_wen_game/oled_data_reg[9]'
INFO: [Synth 8-3886] merging instance 'chen_wen_game/oled_data_reg[11]' (FDRE) to 'chen_wen_game/oled_data_reg[14]'
INFO: [Synth 8-3886] merging instance 'chen_wen_game/oled_data_reg[12]' (FDRE) to 'chen_wen_game/oled_data_reg[14]'
INFO: [Synth 8-3886] merging instance 'chen_wen_game/mouse/x_max_reg[0]' (FDRE) to 'chen_wen_game/mouse/x_max_reg[4]'
INFO: [Synth 8-3886] merging instance 'chen_wen_game/mouse/x_max_reg[1]' (FDRE) to 'chen_wen_game/mouse/x_max_reg[4]'
INFO: [Synth 8-3886] merging instance 'chen_wen_game/mouse/x_max_reg[2]' (FDRE) to 'chen_wen_game/mouse/x_max_reg[4]'
INFO: [Synth 8-3886] merging instance 'chen_wen_game/mouse/x_max_reg[3]' (FDRE) to 'chen_wen_game/mouse/x_max_reg[4]'
INFO: [Synth 8-3886] merging instance 'chen_wen_game/mouse/x_max_reg[7]' (FDSE) to 'chen_wen_game/mouse/x_max_reg[9]'
INFO: [Synth 8-3886] merging instance 'chen_wen_game/mouse/x_max_reg[8]' (FDSE) to 'chen_wen_game/mouse/x_max_reg[9]'
INFO: [Synth 8-3886] merging instance 'chen_wen_game/mouse/y_max_reg[0]' (FDRE) to 'chen_wen_game/mouse/y_max_reg[1]'
INFO: [Synth 8-3886] merging instance 'chen_wen_game/mouse/y_max_reg[1]' (FDRE) to 'chen_wen_game/mouse/y_max_reg[2]'
INFO: [Synth 8-3886] merging instance 'chen_wen_game/mouse/y_max_reg[2]' (FDRE) to 'chen_wen_game/mouse/y_max_reg[3]'
INFO: [Synth 8-3886] merging instance 'chen_wen_game/mouse/y_max_reg[3]' (FDRE) to 'chen_wen_game/mouse/y_max_reg[4]'
INFO: [Synth 8-3886] merging instance 'chen_wen_game/mouse/y_max_reg[7]' (FDSE) to 'chen_wen_game/mouse/y_max_reg[9]'
INFO: [Synth 8-3886] merging instance 'chen_wen_game/oled_data_reg[13]' (FDRE) to 'chen_wen_game/oled_data_reg[14]'
WARNING: [Synth 8-3332] Sequential element (x_max_reg[11]) is unused and will be removed from module MouseCtl.
WARNING: [Synth 8-3332] Sequential element (x_max_reg[10]) is unused and will be removed from module MouseCtl.
WARNING: [Synth 8-3332] Sequential element (y_max_reg[11]) is unused and will be removed from module MouseCtl.
WARNING: [Synth 8-3332] Sequential element (y_max_reg[10]) is unused and will be removed from module MouseCtl.
WARNING: [Synth 8-3332] Sequential element (y_max_reg[8]) is unused and will be removed from module MouseCtl.
WARNING: [Synth 8-3332] Sequential element (zpos_reg[3]) is unused and will be removed from module MouseCtl.
WARNING: [Synth 8-3332] Sequential element (zpos_reg[2]) is unused and will be removed from module MouseCtl.
WARNING: [Synth 8-3332] Sequential element (zpos_reg[1]) is unused and will be removed from module MouseCtl.
WARNING: [Synth 8-3332] Sequential element (zpos_reg[0]) is unused and will be removed from module MouseCtl.
WARNING: [Synth 8-3332] Sequential element (middle_down_reg) is unused and will be removed from module MouseCtl.
WARNING: [Synth 8-3332] Sequential element (middle_reg) is unused and will be removed from module MouseCtl.
WARNING: [Synth 8-3332] Sequential element (right_down_reg) is unused and will be removed from module MouseCtl.
WARNING: [Synth 8-3332] Sequential element (right_reg) is unused and will be removed from module MouseCtl.
WARNING: [Synth 8-3332] Sequential element (new_event_reg) is unused and will be removed from module MouseCtl.
WARNING: [Synth 8-3332] Sequential element (value_in_reg[10]) is unused and will be removed from module cut_the_wire_game.
INFO: [Synth 8-3886] merging instance 'chen_wen_game/selector_x2_reg[0]' (FDE) to 'chen_wen_game/selector_x_reg[0]'
INFO: [Synth 8-3886] merging instance 'chen_wen_game/wire3_colour_reg[0]' (FDE) to 'chen_wen_game/wire2_colour_reg[2]'
INFO: [Synth 8-3886] merging instance 'jun_yi_game/logic/os1_reg[1]' (FDE) to 'jun_yi_game/logic/ps1_reg[1]'
INFO: [Synth 8-3886] merging instance 'jun_yi_game/logic/os3_reg[1]' (FDE) to 'jun_yi_game/logic/ps3_reg[1]'
INFO: [Synth 8-3886] merging instance 'chen_wen_game/round_left_reg[2]' (FDE) to 'chen_wen_game/round_left_reg[3]'
INFO: [Synth 8-3333] propagating constant 0 across sequential element (chen_wen_game/\round_left_reg[3] )
WARNING: [Synth 8-3332] Sequential element (round_left_reg[3]) is unused and will be removed from module cut_the_wire_game.
INFO: [Synth 8-5546] ROM "fsm_next_state0" won't be mapped to RAM because it is too sparse
INFO: [Synth 8-5546] ROM "fsm_next_state0" won't be mapped to RAM because it is too sparse
WARNING: [Synth 8-3331] design reset_instructions_screen has unconnected port clk
INFO: [Synth 8-5545] ROM "clk2hz" won't be mapped to RAM because address size (26) is larger than maximum supported(25)
INFO: [Synth 8-5546] ROM "p_0_out" won't be mapped to RAM because it is too sparse
INFO: [Synth 8-5546] ROM "oled_data" won't be mapped to RAM because it is too sparse
INFO: [Synth 8-5545] ROM "clk2hz" won't be mapped to RAM because address size (26) is larger than maximum supported(25)
INFO: [Synth 8-5546] ROM "p_0_out" won't be mapped to RAM because it is too sparse
INFO: [Synth 8-5546] ROM "oled_data" won't be mapped to RAM because it is too sparse
INFO: [Synth 8-5545] ROM "led_flickering" won't be mapped to RAM because address size (26) is larger than maximum supported(25)
WARNING: [Synth 8-3917] design Top_Student__GCB2 has port oled_data[10] driven by constant 1
WARNING: [Synth 8-3917] design Top_Student__GCB2 has port oled_data[9] driven by constant 1
WARNING: [Synth 8-3917] design Top_Student__GCB2 has port oled_data[8] driven by constant 1
WARNING: [Synth 8-3917] design Top_Student__GCB2 has port oled_data[7] driven by constant 1
WARNING: [Synth 8-3917] design Top_Student__GCB2 has port oled_data[6] driven by constant 1
WARNING: [Synth 8-3917] design Top_Student__GCB2 has port oled_data[5] driven by constant 1
WARNING: [Synth 8-3917] design Top_Student__GCB2 has port O49[15] driven by constant 1
WARNING: [Synth 8-3917] design Top_Student__GCB2 has port O49[14] driven by constant 1
WARNING: [Synth 8-3917] design Top_Student__GCB2 has port O49[13] driven by constant 1
WARNING: [Synth 8-3917] design Top_Student__GCB2 has port O49[12] driven by constant 1
WARNING: [Synth 8-3917] design Top_Student__GCB2 has port O49[11] driven by constant 1
---------------------------------------------------------------------------------
Finished Cross Boundary and Area Optimization : Time (s): cpu = 00:09:41 ; elapsed = 00:11:09 . Memory (MB): peak = 16635.211 ; gain = 16378.211
---------------------------------------------------------------------------------
---------------------------------------------------------------------------------
Start ROM, RAM, DSP and Shift Register Reporting
---------------------------------------------------------------------------------

ROM:
+------------+------------+---------------+----------------+
|Module Name | RTL Object | Depth x Width | Implemented As | 
+------------+------------+---------------+----------------+
|Top_Student | lvl1_id    | 32x2          | LUT            | 
|Top_Student | lvl2_id    | 32x2          | LUT            | 
|Top_Student | lvl3_id    | 32x2          | LUT            | 
|Top_Student | lvl4_id    | 32x2          | LUT            | 
+------------+------------+---------------+----------------+

---------------------------------------------------------------------------------
Finished ROM, RAM, DSP and Shift Register Reporting
---------------------------------------------------------------------------------

Report RTL Partitions: 
+------+------------------+------------+----------+
|      |RTL Partition     |Replication |Instances |
+------+------------------+------------+----------+
|1     |frame_data__GB0   |           1|     22294|
|2     |frame_data__GB1   |           1|      3487|
|3     |frame_data__GB2   |           1|      6436|
|4     |game_2__GC0       |           1|      5298|
|5     |Top_Student__GCB0 |           1|     15847|
|6     |Top_Student__GCB1 |           1|      7081|
|7     |Top_Student__GCB2 |           1|      5133|
+------+------------------+------------+----------+
---------------------------------------------------------------------------------
Start Applying XDC Timing Constraints
---------------------------------------------------------------------------------
---------------------------------------------------------------------------------
Finished Applying XDC Timing Constraints : Time (s): cpu = 00:09:48 ; elapsed = 00:11:17 . Memory (MB): peak = 16635.211 ; gain = 16378.211
---------------------------------------------------------------------------------
---------------------------------------------------------------------------------
Start Timing Optimization
---------------------------------------------------------------------------------
INFO: [Synth 8-3886] merging instance 'i_2/JC_reg[1]' (LD) to 'i_2/JC_reg[2]'
INFO: [Synth 8-3886] merging instance 'i_2/JC_reg[2]' (LD) to 'i_2/JC_reg[3]'
---------------------------------------------------------------------------------
Finished Timing Optimization : Time (s): cpu = 00:20:21 ; elapsed = 00:21:53 . Memory (MB): peak = 16635.211 ; gain = 16378.211
---------------------------------------------------------------------------------

Report RTL Partitions: 
+------+------------------+------------+----------+
|      |RTL Partition     |Replication |Instances |
+------+------------------+------------+----------+
|1     |frame_data__GB0   |           1|     22200|
|2     |frame_data__GB1   |           1|      3455|
|3     |frame_data__GB2   |           1|      6362|
|4     |game_2__GC0       |           1|      5289|
|5     |Top_Student__GCB0 |           1|     15099|
|6     |Top_Student__GCB1 |           1|      7055|
|7     |Top_Student__GCB2 |           1|      5129|
+------+------------------+------------+----------+
---------------------------------------------------------------------------------
Start Technology Mapping
---------------------------------------------------------------------------------
---------------------------------------------------------------------------------
Finished Technology Mapping : Time (s): cpu = 00:20:32 ; elapsed = 00:22:02 . Memory (MB): peak = 16635.211 ; gain = 16378.211
---------------------------------------------------------------------------------

Report RTL Partitions: 
+------+------------------+------------+----------+
|      |RTL Partition     |Replication |Instances |
+------+------------------+------------+----------+
|1     |frame_data__GB0   |           1|      8154|
|2     |frame_data__GB1   |           1|      1319|
|3     |frame_data__GB2   |           1|      2117|
|4     |game_2__GC0       |           1|      2066|
|5     |Top_Student__GCB0 |           1|      6186|
|6     |Top_Student__GCB1 |           1|      2809|
|7     |Top_Student__GCB2 |           1|      2231|
+------+------------------+------------+----------+
---------------------------------------------------------------------------------
Start IO Insertion
---------------------------------------------------------------------------------
---------------------------------------------------------------------------------
Start Flattening Before IO Insertion
---------------------------------------------------------------------------------
---------------------------------------------------------------------------------
Finished Flattening Before IO Insertion
---------------------------------------------------------------------------------
---------------------------------------------------------------------------------
Start Final Netlist Cleanup
---------------------------------------------------------------------------------
INFO: [Synth 8-5365] Flop chen_wen_game/mouse/Inst_Ps2Interface/ps2_clk_h_reg is being inverted and renamed to chen_wen_game/mouse/Inst_Ps2Interface/ps2_clk_h_reg_inv.
INFO: [Synth 8-5365] Flop chen_wen_game/mouse/Inst_Ps2Interface/ps2_data_h_reg is being inverted and renamed to chen_wen_game/mouse/Inst_Ps2Interface/ps2_data_h_reg_inv.
---------------------------------------------------------------------------------
Finished Final Netlist Cleanup
---------------------------------------------------------------------------------
---------------------------------------------------------------------------------
Finished IO Insertion : Time (s): cpu = 00:20:48 ; elapsed = 00:22:19 . Memory (MB): peak = 16635.211 ; gain = 16378.211
---------------------------------------------------------------------------------

Report Check Netlist: 
+------+------------------+-------+---------+-------+------------------+
|      |Item              |Errors |Warnings |Status |Description       |
+------+------------------+-------+---------+-------+------------------+
|1     |multi_driven_nets |      0|        0|Passed |Multi driven nets |
+------+------------------+-------+---------+-------+------------------+
---------------------------------------------------------------------------------
Start Renaming Generated Instances
---------------------------------------------------------------------------------
---------------------------------------------------------------------------------
Finished Renaming Generated Instances : Time (s): cpu = 00:20:49 ; elapsed = 00:22:20 . Memory (MB): peak = 16635.211 ; gain = 16378.211
---------------------------------------------------------------------------------

Report RTL Partitions: 
+-+--------------+------------+----------+
| |RTL Partition |Replication |Instances |
+-+--------------+------------+----------+
+-+--------------+------------+----------+
---------------------------------------------------------------------------------
Start Rebuilding User Hierarchy
---------------------------------------------------------------------------------
---------------------------------------------------------------------------------
Finished Rebuilding User Hierarchy : Time (s): cpu = 00:20:51 ; elapsed = 00:22:22 . Memory (MB): peak = 16635.211 ; gain = 16378.211
---------------------------------------------------------------------------------
---------------------------------------------------------------------------------
Start Renaming Generated Ports
---------------------------------------------------------------------------------
---------------------------------------------------------------------------------
Finished Renaming Generated Ports : Time (s): cpu = 00:20:51 ; elapsed = 00:22:22 . Memory (MB): peak = 16635.211 ; gain = 16378.211
---------------------------------------------------------------------------------
---------------------------------------------------------------------------------
Start Handling Custom Attributes
---------------------------------------------------------------------------------
---------------------------------------------------------------------------------
Finished Handling Custom Attributes : Time (s): cpu = 00:20:53 ; elapsed = 00:22:24 . Memory (MB): peak = 16635.211 ; gain = 16378.211
---------------------------------------------------------------------------------
---------------------------------------------------------------------------------
Start Renaming Generated Nets
---------------------------------------------------------------------------------
---------------------------------------------------------------------------------
Finished Renaming Generated Nets : Time (s): cpu = 00:20:53 ; elapsed = 00:22:24 . Memory (MB): peak = 16635.211 ; gain = 16378.211
---------------------------------------------------------------------------------
---------------------------------------------------------------------------------
Start ROM, RAM, DSP and Shift Register Reporting
---------------------------------------------------------------------------------

Static Shift Register Report:
+------------+----------------------------+--------+-------+--------------+--------------------+-------------------+--------+---------+
|Module Name | RTL Name                   | Length | Width | Reset Signal | Pull out first Reg | Pull out last Reg | SRL16E | SRLC32E | 
+------------+----------------------------+--------+-------+--------------+--------------------+-------------------+--------+---------+
|Top_Student | chen_wen_game/lfsr_reg[28] | 3      | 2     | NO           | NO                 | YES               | 2      | 0       | 
|Top_Student | timer/noise_reg_reg[10]    | 10     | 1     | NO           | NO                 | YES               | 1      | 0       | 
+------------+----------------------------+--------+-------+--------------+--------------------+-------------------+--------+---------+

---------------------------------------------------------------------------------
Finished ROM, RAM, DSP and Shift Register Reporting
---------------------------------------------------------------------------------
---------------------------------------------------------------------------------
Start Writing Synthesis Report
---------------------------------------------------------------------------------

Report BlackBoxes: 
+-+--------------+----------+
| |BlackBox name |Instances |
+-+--------------+----------+
+-+--------------+----------+

Report Cell Usage: 
+------+-------+------+
|      |Cell   |Count |
+------+-------+------+
|1     |BUFG   |     3|
|2     |CARRY4 |   466|
|3     |LUT1   |   173|
|4     |LUT2   |  2816|
|5     |LUT3   |  1513|
|6     |LUT4   |  1763|
|7     |LUT5   |  2494|
|8     |LUT6   | 13723|
|9     |MUXF7  |   916|
|10    |MUXF8  |   244|
|11    |SRL16E |     3|
|12    |FDCE   |   147|
|13    |FDE_1  |    64|
|14    |FDPE   |     6|
|15    |FDRE   |  1061|
|16    |FDSE   |    34|
|17    |LD     |     2|
|18    |IBUF   |     6|
|19    |IOBUF  |     2|
|20    |OBUF   |    48|
+------+-------+------+

Report Instance Areas: 
+------+----------------------------+--------------------------+------+
|      |Instance                    |Module                    |Cells |
+------+----------------------------+--------------------------+------+
|1     |top                         |                          | 25484|
|2     |  JB_OLED                   |Oled_Display              | 15224|
|3     |  JXADC_OLED                |Oled_Display_0            |  6698|
|4     |  chen_wen_game             |cut_the_wire_game         |  1258|
|5     |    for_wire1               |colour_mux                |    57|
|6     |    for_wire2               |colour_mux_5              |    29|
|7     |    for_wire3               |colour_mux_6              |    23|
|8     |    for_wire4               |colour_mux_7              |    27|
|9     |    for_wire5               |colour_mux_8              |    33|
|10    |    mouse                   |MouseCtl                  |   751|
|11    |      Inst_Ps2Interface     |Ps2Interface              |   283|
|12    |  db1                       |debouncer                 |    60|
|13    |  db2                       |debouncer_1               |    38|
|14    |  db3                       |debouncer_2               |    35|
|15    |  db4                       |debouncer_3               |    40|
|16    |  db5                       |debouncer_4               |    35|
|17    |  dexter_game               |game_2                    |   300|
|18    |    simon                   |simon_game                |   275|
|19    |      tone_gen              |tone_generator            |    78|
|20    |  exploded_screen           |exploded_screen           |   141|
|21    |  hedley_game               |maze_game                 |   249|
|22    |  jun_yi_game               |game_4                    |   250|
|23    |    logic                   |game_4_logic              |   233|
|24    |  start_instructions_screen |start_instructions_screen |    19|
|25    |  start_screen              |start_screen              |    70|
|26    |  timer                     |top_timer                 |   335|
+------+----------------------------+--------------------------+------+
---------------------------------------------------------------------------------
Finished Writing Synthesis Report : Time (s): cpu = 00:20:53 ; elapsed = 00:22:24 . Memory (MB): peak = 16635.211 ; gain = 16378.211
---------------------------------------------------------------------------------
Synthesis finished with 0 errors, 0 critical warnings and 57 warnings.
Synthesis Optimization Runtime : Time (s): cpu = 00:14:43 ; elapsed = 00:15:59 . Memory (MB): peak = 16635.211 ; gain = 1374.152
Synthesis Optimization Complete : Time (s): cpu = 00:20:53 ; elapsed = 00:22:26 . Memory (MB): peak = 16635.211 ; gain = 16378.211
INFO: [Project 1-571] Translating synthesized netlist
INFO: [Netlist 29-17] Analyzing 1700 Unisim elements for replacement
INFO: [Netlist 29-28] Unisim Transformation completed in 0 CPU seconds
INFO: [Project 1-570] Preparing netlist for logic optimization
INFO: [Opt 31-138] Pushed 0 inverter(s) to 0 load pin(s).
INFO: [Project 1-111] Unisim Transformation Summary:
  A total of 68 instances were transformed.
  FDE_1 => FDRE (inverted pins: C): 64 instances
  IOBUF => IOBUF (IBUF, OBUFT): 2 instances
  LD => LDCE: 2 instances

INFO: [Common 17-83] Releasing license: Synthesis
356 Infos, 123 Warnings, 0 Critical Warnings and 0 Errors encountered.
synth_design completed successfully
synth_design: Time (s): cpu = 00:21:01 ; elapsed = 00:22:35 . Memory (MB): peak = 16635.211 ; gain = 16391.043
WARNING: [Constraints 18-5210] No constraint will be written out.
INFO: [Common 17-1381] The checkpoint 'C:/Users/Jun Yi/Desktop/project_FDP_final/project_FDP_final.runs/synth_1/Top_Student.dcp' has been generated.
write_checkpoint: Time (s): cpu = 00:00:07 ; elapsed = 00:00:06 . Memory (MB): peak = 16635.211 ; gain = 0.000
INFO: [runtcl-4] Executing : report_utilization -file Top_Student_utilization_synth.rpt -pb Top_Student_utilization_synth.pb
report_utilization: Time (s): cpu = 00:00:01 ; elapsed = 00:00:00.241 . Memory (MB): peak = 16635.211 ; gain = 0.000
INFO: [Common 17-206] Exiting Vivado at Fri Apr 10 19:15:41 2026...
